Anirudh,0
Anirudh,0
Anirudh,0
Anirudh,0
Anirudh,0
Anirudh,0
Anirudh,0
Anirudh,0
Anirudh,0
Anirudh,0
Anirudh,0
Anirudh,0
Anirudh,0
Anirudh,0
Anirudh,0
Anirudh,0
Anirudh,0
Anirudh,0
Anirudh,0
Anirudh,0
Anirudh,0
Anirudh,0
Anirudh,0
Anirudh,0
Anirudh,0
Anirudh,0
Anirudh,0
Anirudh,0
Anirudh,0
Anirudh,0
Anirudh,0
Anirudh,0
Anirudh,0
Anirudh,0
Anirudh,0
Anirudh,0
Anirudh,0
Anirudh,0
Anirudh,0
Anirudh,0
Anirudh,0
Anirudh,0
Anirudh,0
Anirudh,0
Anirudh,0
Anirudh,0
Anirudh,0
Anirudh,0
Anirudh,0
Anirudh,0
Anirudh,0
Anirudh,0
Anirudh,0
Anirudh,0
Anirudh,0
Anirudh,0
Anirudh,0
Anirudh,0
Anirudh,0
Anirudh,0
Anirudh,0
Anirudh,0
Anirudh,0
Anirudh,0
Anirudh,0
Anirudh,0
Anirudh,0
Anirudh,0
Anirudh,0
Anirudh,0
Anirudh,0
Anirudh,0
Anirudh,0
Anirudh,0
Anirudh,0
Anirudh,0
Anirudh,0
Anirudh,0
Anirudh,0
Anirudh,0
Anirudh,0
Anirudh,0
Anirudh,0
Anirudh,0
Anirudh,0
Anirudh,0
Anirudh,0
Anirudh,0
Anirudh,0
Anirudh,0
Anirudh,0
Anirudh,0
Anirudh,0
Anirudh,0
Anirudh,0
Anirudh,0
Anirudh,0
Anirudh,0
Anirudh,0
Anirudh,0
Anirudh,0
Anirudh,0
Anirudh,0
Anirudh,0
Anirudh,0
Anirudh,0
Anirudh,0
Anirudh,0
Anirudh,0
Anirudh,0
Anirudh,0
Anirudh,0
Anirudh,0
Anirudh,0
Anirudh,0
Anirudh,0
Anirudh,0
Anirudh,0
Anirudh,0
Anirudh,0
Anirudh,0
Anirudh,0
Anirudh,0
Anirudh,0
Anirudh,0
Anirudh,0
Anirudh,0
Anirudh,0
Anirudh,0
Anirudh,0
Anirudh,0
Anirudh,0
Anirudh,0
Anirudh,0
Anirudh,0
Anirudh,0
Anirudh,0
Anirudh,0
Anirudh,0
Anirudh,0
Anirudh,0
Anirudh,0
Anirudh,0
Anirudh,0
Anirudh,0
Anirudh,0
Anirudh,0
Anirudh,0
Anirudh,0
Anirudh,0
Anirudh,0
Anirudh,0
Anirudh,0
Anirudh,0
Anirudh,0
Anirudh,0
Anirudh,0
Anirudh,0
Anirudh,0
Anirudh,0
Anirudh,0
Anirudh,0
Anirudh,0
Anirudh,0
Anirudh,0
Anirudh,0
Anirudh,0
Anirudh,0
Anirudh,0
Anirudh,0
Anirudh,0
Anirudh,0
Anirudh,0
Anirudh,0
Anirudh,0
Anirudh,0
Anirudh,0
Anirudh,0
Anirudh,0
Anirudh,0
Anirudh,0
Anirudh,0
Anirudh,0
Anirudh,0
Anirudh,0
Anirudh,0
Anirudh,0
Anirudh,0
Anirudh,0
Anirudh,0
Anirudh,0
Anirudh,0
Anirudh,0
Anirudh,0
Anirudh,0
Anirudh,0
Anirudh,0
Anirudh,0
Anirudh,0
Anirudh,0
Anirudh,0
Anirudh,0
Anirudh,0
Anirudh,0
Anirudh,0
Anirudh,0
Anirudh,0
Anirudh,0
Anirudh,0
Anirudh,0
Anirudh,0
Anirudh,0
Anirudh,0
Anirudh,0
Anirudh,0
Anirudh,0
Anirudh,0
Anirudh,0
Anirudh,0
Anirudh,0
Anirudh,0
Anirudh,0
Anirudh,0
Anirudh,0
Anirudh,0
Anirudh,0
Anirudh,0
Anirudh,0
Anirudh,0
Anirudh,0
Anirudh,0
Anirudh,0
Anirudh,0
Anirudh,0
Anirudh,0
Anirudh,0
Anirudh,0
Anirudh,0
Anirudh,0
Anirudh,0
Anirudh,0
Anirudh,0
Anirudh,0
Anirudh,0
Anirudh,0
Anirudh,0
Anirudh,0
Anirudh,0
Anirudh,0
Anirudh,0
Anirudh,0
Anirudh,0
Anirudh,0
Anirudh,0
Anirudh,0
Anirudh,0
Anirudh,0
Anirudh,0
Anirudh,0
Anirudh,0
Anirudh,0
Anirudh,0
Anirudh,0
Anirudh,0
Anirudh,0
Anirudh,0
Anirudh,0
Anirudh,0
Anirudh,0
Anirudh,0
Anirudh,0
Anirudh,0
Anirudh,0
Anirudh,0
Anirudh,0
Anirudh,0
Anirudh,0
Anirudh,0
Anirudh,0
Anirudh,0
Anirudh,0
Anirudh,0
Anirudh,0
Anirudh,0
Anirudh,9
Anirudh,9
Anirudh,9
Anirudh,9
Anirudh,9
Anirudh,9
Anirudh,9
Anirudh,9
Anirudh,9
Anirudh,9
Anirudh,9
Anirudh,9
Anirudh,9
Anirudh,9
Anirudh,9
Anirudh,9
Anirudh,9
Anirudh,9
Anirudh,9
Anirudh,9
Anirudh,9
Anirudh,9
Anirudh,9
Anirudh,9
Anirudh,9
Anirudh,9
Anirudh,9
Anirudh,9
Anirudh,9
Anirudh,9
Anirudh,9
Anirudh,9
Anirudh,9
Anirudh,9
Anirudh,9
Anirudh,9
Anirudh,9
Anirudh,9
Anirudh,9
Anirudh,9
Anirudh,9
Anirudh,9
Anirudh,9
Anirudh,9
Anirudh,9
Anirudh,9
Anirudh,9
Anirudh,9
Anirudh,9
Anirudh,9
Anirudh,9
Anirudh,9
Anirudh,9
Anirudh,9
Anirudh,9
Anirudh,9
Anirudh,9
Anirudh,9
Anirudh,9
Anirudh,9
Anirudh,9
Anirudh,9
Anirudh,9
Anirudh,9
Anirudh,9
Anirudh,9
Anirudh,9
Anirudh,9
Anirudh,9
Anirudh,9
Anirudh,9
Anirudh,9
Anirudh,9
Anirudh,9
Anirudh,9
Anirudh,9
Anirudh,9
Anirudh,9
Anirudh,9
Anirudh,9
Anirudh,9
Anirudh,9
Anirudh,9
Anirudh,9
Anirudh,9
Anirudh,9
Anirudh,9
Anirudh,9
Anirudh,9
Anirudh,9
Anirudh,9
Anirudh,9
Anirudh,9
Anirudh,9
Anirudh,9
Anirudh,9
Anirudh,9
Anirudh,9
Anirudh,9
Anirudh,9
Anirudh,9
Anirudh,9
Anirudh,9
Anirudh,9
Anirudh,9
Anirudh,9
Anirudh,9
Anirudh,9
Anirudh,9
Anirudh,9
Anirudh,9
Anirudh,9
Anirudh,9
Anirudh,9
Anirudh,9
Anirudh,9
Anirudh,9
Anirudh,9
Anirudh,9
Anirudh,9
Anirudh,9
Anirudh,9
Anirudh,9
Anirudh,9
Anirudh,9
Anirudh,9
Anirudh,9
Anirudh,9
Anirudh,9
Anirudh,9
Anirudh,9
Anirudh,9
Anirudh,9
Anirudh,9
Anirudh,9
Anirudh,9
Anirudh,9
Anirudh,9
Anirudh,9
Anirudh,9
Anirudh,9
Anirudh,9
Anirudh,9
Anirudh,9
Anirudh,9
Anirudh,9
Anirudh,9
Anirudh,9
Anirudh,9
Anirudh,9
Anirudh,9
Anirudh,9
Anirudh,9
Anirudh,9
Anirudh,9
Anirudh,9
Anirudh,9
Anirudh,9
Anirudh,9
Anirudh,9
Anirudh,9
Anirudh,9
Anirudh,9
Anirudh,9
Anirudh,9
Anirudh,9
Anirudh,9
Anirudh,9
Anirudh,9
Anirudh,9
Anirudh,9
Anirudh,9
Anirudh,9
Anirudh,9
Anirudh,9
Anirudh,9
Anirudh,9
Anirudh,9
Anirudh,9
Anirudh,9
Anirudh,9
Anirudh,9
Anirudh,9
Anirudh,9
Anirudh,9
Anirudh,9
Anirudh,9
Anirudh,9
Anirudh,9
Anirudh,9
Anirudh,9
Anirudh,9
Anirudh,9
Anirudh,9
Anirudh,9
Anirudh,9
Anirudh,9
Anirudh,9
Anirudh,9
Anirudh,9
Anirudh,9
Anirudh,9
Anirudh,9
Anirudh,9
Anirudh,9
Anirudh,9
Anirudh,9
Anirudh,9
Anirudh,9
Anirudh,9
Anirudh,9
Anirudh,9
Anirudh,9
Anirudh,9
Anirudh,9
Anirudh,9
Anirudh,9
Anirudh,9
Anirudh,9
Anirudh,9
Anirudh,9
Anirudh,9
Anirudh,9
Anirudh,9
Anirudh,9
Anirudh,9
Anirudh,9
Anirudh,9
Anirudh,9
Anirudh,9
Anirudh,9
Anirudh,9
Anirudh,9
Anirudh,9
Anirudh,9
Anirudh,9
Anirudh,9
Anirudh,9
Anirudh,9
Anirudh,9
Anirudh,9
Anirudh,9
Anirudh,9
Anirudh,9
Anirudh,9
Anirudh,9
Anirudh,9
Anirudh,9
Anirudh,9
Anirudh,9
Anirudh,9
Anirudh,9
Anirudh,9
Anirudh,9
Anirudh,9
Anirudh,9
Anirudh,9
Anirudh,9
Anirudh,9
Anirudh,9
Anirudh,9
Anirudh,9
Anirudh,9
Anirudh,9
Anirudh,9
Anirudh,9
Anirudh,9
Anirudh,9
Anirudh,9
Anirudh,9
Anirudh,9
Anirudh,9
Anirudh,9
Anirudh,9
Anirudh,9
Anirudh,9
Anirudh,9
Anirudh,9
Anirudh,9
Anirudh,9
Anirudh,9
Anirudh,9
Anirudh,9
Anirudh,9
Anirudh,9
Anirudh,9
Anirudh,9
Anirudh,9
Anirudh,9
Anirudh,9
Anirudh,9
Anirudh,9
Anirudh,9
Anirudh,9
Anirudh,9
Anirudh,9
Anirudh,9
Anirudh,9
Anirudh,9
Karthik,10
Karthik,10
Karthik,10
Karthik,10
Karthik,10
Karthik,10
Karthik,10
Karthik,10
Karthik,10
Karthik,10
Karthik,10
Karthik,10
Karthik,10
Karthik,10
Karthik,10
Karthik,10
Karthik,10
Karthik,10
Karthik,10
Karthik,10
Karthik,10
Karthik,10
Karthik,10
Karthik,10
Karthik,10
Karthik,10
Karthik,10
Karthik,10
Karthik,10
Karthik,10
Karthik,10
Karthik,10
Karthik,10
Karthik,10
Karthik,10
Karthik,10
Karthik,10
Karthik,10
Karthik,10
Karthik,10
Karthik,10
Karthik,10
Karthik,10
Karthik,10
Karthik,10
Karthik,10
Karthik,10
Karthik,10
Karthik,10
Karthik,10
Karthik,10
Karthik,10
Karthik,10
Karthik,10
Karthik,10
Karthik,10
Karthik,10
Karthik,10
Karthik,10
Karthik,10
Karthik,10
Karthik,10
Karthik,10
Karthik,10
Karthik,10
Karthik,10
Karthik,10
Karthik,10
Karthik,10
Karthik,10
Karthik,10
Karthik,10
Karthik,10
Karthik,10
Karthik,10
Karthik,10
Karthik,10
Karthik,10
Karthik,10
Karthik,10
Karthik,10
Karthik,10
Karthik,10
Karthik,10
Karthik,10
Karthik,10
Karthik,10
Karthik,10
Karthik,10
Karthik,10
Karthik,10
Karthik,10
Karthik,10
Karthik,10
Karthik,10
Karthik,10
Karthik,10
Karthik,10
Karthik,10
Karthik,10
Karthik,10
Karthik,10
Karthik,10
Karthik,10
Karthik,10
Karthik,10
Karthik,10
Karthik,10
Karthik,10
Karthik,10
Karthik,10
Karthik,10
Karthik,10
Karthik,10
Karthik,10
Karthik,10
Karthik,10
Karthik,10
Karthik,10
Karthik,10
Karthik,10
Karthik,10
Karthik,10
Karthik,10
Karthik,10
Karthik,10
Karthik,10
Karthik,10
Karthik,10
Karthik,10
Karthik,10
Karthik,10
Karthik,10
Karthik,10
Karthik,10
Karthik,10
Karthik,10
Karthik,10
Karthik,10
Karthik,10
Karthik,10
Karthik,10
Karthik,10
Karthik,10
Karthik,10
Karthik,10
Karthik,10
Karthik,10
Karthik,10
Karthik,10
Karthik,10
Karthik,10
Karthik,10
Karthik,10
Karthik,10
Karthik,10
Karthik,10
Karthik,10
Karthik,10
Karthik,10
Karthik,10
Karthik,10
Karthik,10
Karthik,10
Karthik,10
Karthik,10
Karthik,10
Karthik,10
Karthik,10
Karthik,10
Karthik,10
Karthik,10
Karthik,10
Karthik,10
Karthik,10
Karthik,10
Karthik,10
Karthik,10
Karthik,10
Karthik,10
Karthik,10
Karthik,10
Karthik,10
Karthik,10
Karthik,10
Karthik,10
Karthik,10
Karthik,10
Karthik,10
Karthik,10
Karthik,10
Karthik,10
Karthik,10
Karthik,10
Karthik,10
Karthik,10
Karthik,10
Karthik,10
Karthik,10
Karthik,10
Karthik,10
Karthik,10
Karthik,10
Karthik,10
Karthik,10
Karthik,10
Karthik,10
Karthik,10
Karthik,10
Karthik,10
Karthik,10
Karthik,10
Karthik,10
Karthik,10
Karthik,10
Karthik,10
Karthik,10
Karthik,10
Karthik,10
Karthik,10
Karthik,10
Karthik,10
Karthik,10
Karthik,10
Karthik,10
Karthik,10
Karthik,10
Karthik,10
Karthik,10
Karthik,10
Karthik,10
Karthik,10
Karthik,10
Karthik,10
Karthik,10
Karthik,10
Karthik,10
Karthik,10
Karthik,10
Karthik,10
Karthik,10
Karthik,10
Karthik,10
Karthik,10
Karthik,10
Karthik,10
Karthik,10
Karthik,10
Karthik,10
Karthik,10
Karthik,10
Karthik,10
Karthik,10
Karthik,10
Karthik,10
Karthik,10
Karthik,10
Karthik,10
Karthik,10
Karthik,10
Karthik,10
Karthik,10
Karthik,10
Karthik,10
Karthik,10
Karthik,10
Karthik,10
Karthik,10
Karthik,10
Karthik,10
Karthik,10
Karthik,10
Karthik,10
Karthik,10
Karthik,10
Karthik,10
Karthik,10
Karthik,10
Karthik,10
Karthik,10
Karthik,10
Karthik,10
Karthik,10
Karthik,10
Karthik,10
Karthik,10
Karthik,10
Karthik,10
Karthik,10
Karthik,10
Karthik,10
Karthik,10
Karthik,10
Karthik,10
Karthik,10
Karthik,10
Karthik,10
Karthik,10
Karthik,10
Karthik,10
Karthik,10
Karthik,10
Karthik,10
Karthik,10
Karthik,10
Karthik,10
Karthik,10
Karthik,10
Karthik,10
Karthik,10
Karthik,10
Karthik,10
Karthik,10
Karthik,10
Karthik,10
Karthik,10
Karthik,10
Karthik,10
Karthik,10
Karthik,10
Karthik,10
Karthik,10
Karthik,10
Karthik,10
Karthik,10
Karthik,10
Karthik,10
Karthik,10
Karthik,10
Karthik,10
Karthik,10
Karthik,10
Karthik,10
Karthik,10
Karthik,10
Karthik,10
Karthik,10
Karthik,10
Karthik,10
Karthik,10
Karthik,10
Karthik,10
Karthik,10
Karthik,10
Karthik,10
Karthik,10
Karthik,10
Karthik,10
Karthik,10
Karthik,10
Karthik,10
Karthik,10
Karthik,10
Karthik,10
Karthik,10
Karthik,10
Karthik,10
Karthik,10
Karthik,10
Karthik,10
Karthik,10
Karthik,10
Karthik,10
Karthik,10
Karthik,10
Karthik,10
Anirudh,5
Anirudh,5
Anirudh,5
Anirudh,5
Anirudh,5
Anirudh,5
Anirudh,5
Anirudh,5
Anirudh,5
Anirudh,5
Anirudh,5
Anirudh,5
Anirudh,5
Anirudh,5
Anirudh,5
Anirudh,5
Anirudh,5
Anirudh,5
Anirudh,5
Anirudh,5
Anirudh,5
Anirudh,5
Anirudh,5
Anirudh,5
Anirudh,5
Anirudh,5
Anirudh,5
Anirudh,5
Anirudh,5
Anirudh,5
Anirudh,5
Anirudh,5
Anirudh,5
Anirudh,5
Anirudh,5
Anirudh,5
Anirudh,5
Anirudh,5
Anirudh,5
Anirudh,5
Anirudh,5
Anirudh,5
Anirudh,5
Anirudh,5
Anirudh,5
Anirudh,5
Anirudh,5
Anirudh,5
Anirudh,5
Anirudh,5
Anirudh,5
Anirudh,5
Anirudh,5
Anirudh,5
Anirudh,5
Anirudh,5
Anirudh,5
Anirudh,5
Anirudh,5
Anirudh,5
Anirudh,5
Anirudh,5
Anirudh,5
Anirudh,5
Anirudh,5
Anirudh,5
Anirudh,5
Anirudh,5
Anirudh,5
Anirudh,5
Anirudh,5
Anirudh,5
Anirudh,5
Anirudh,5
Anirudh,5
Anirudh,5
Anirudh,5
Anirudh,5
Anirudh,5
Anirudh,5
Anirudh,5
Anirudh,5
Anirudh,5
Anirudh,5
Anirudh,5
Anirudh,5
Anirudh,5
Anirudh,5
Anirudh,5
Anirudh,5
Anirudh,5
Anirudh,5
Anirudh,5
Anirudh,5
Anirudh,5
Anirudh,5
Anirudh,5
Anirudh,5
Anirudh,5
Anirudh,5
Anirudh,5
Anirudh,5
Anirudh,5
Anirudh,5
Anirudh,5
Anirudh,5
Anirudh,5
Anirudh,5
Anirudh,5
Anirudh,5
Anirudh,5
Anirudh,5
Anirudh,5
Anirudh,5
Anirudh,5
Anirudh,5
Anirudh,5
Anirudh,5
Anirudh,5
Anirudh,5
Anirudh,5
Anirudh,5
Anirudh,5
Anirudh,5
Anirudh,5
Anirudh,5
Anirudh,5
Anirudh,5
Anirudh,5
Anirudh,5
Anirudh,5
Anirudh,5
Anirudh,5
Anirudh,5
Anirudh,5
Anirudh,5
Anirudh,5
Anirudh,5
Anirudh,5
Anirudh,5
Anirudh,5
Anirudh,5
Anirudh,5
Anirudh,5
Anirudh,5
Anirudh,5
Anirudh,5
Anirudh,5
Anirudh,5
Anirudh,5
Anirudh,5
Anirudh,5
Anirudh,5
Anirudh,5
Anirudh,5
Anirudh,5
Anirudh,5
Anirudh,5
Anirudh,5
Anirudh,5
Anirudh,5
Anirudh,5
Anirudh,5
Anirudh,5
Anirudh,5
Anirudh,5
Anirudh,5
Anirudh,5
Anirudh,5
Anirudh,5
Anirudh,5
Anirudh,5
Anirudh,5
Anirudh,5
Anirudh,5
Anirudh,5
Anirudh,5
Anirudh,5
Anirudh,5
Anirudh,5
Anirudh,5
Anirudh,5
Anirudh,5
Anirudh,5
Anirudh,5
Anirudh,5
Anirudh,5
Anirudh,5
Anirudh,5
Anirudh,5
Anirudh,5
Anirudh,5
Anirudh,5
Anirudh,5
Anirudh,5
Anirudh,5
Anirudh,5
Anirudh,5
Anirudh,5
Anirudh,5
Anirudh,5
Anirudh,5
Anirudh,5
Anirudh,5
Anirudh,5
Anirudh,5
Anirudh,5
Anirudh,5
Anirudh,5
Anirudh,5
Anirudh,5
Anirudh,5
Anirudh,5
Anirudh,5
Anirudh,5
Anirudh,5
Anirudh,5
Anirudh,5
Anirudh,5
Anirudh,5
Anirudh,5
Anirudh,5
Anirudh,5
Anirudh,5
Anirudh,5
Anirudh,5
Anirudh,5
Anirudh,5
Anirudh,5
Anirudh,5
Anirudh,5
Anirudh,5
Anirudh,5
Anirudh,5
Anirudh,5
Anirudh,5
Anirudh,5
Anirudh,5
Anirudh,5
Anirudh,5
Anirudh,0
Anirudh,0
Anirudh,0
Anirudh,0
Anirudh,0
Anirudh,0
Anirudh,0
Anirudh,0
Anirudh,0
Anirudh,0
Anirudh,0
Anirudh,0
Anirudh,0
Anirudh,0
Anirudh,0
Anirudh,0
Anirudh,0
Anirudh,0
Anirudh,0
Anirudh,0
Anirudh,0
Anirudh,0
Anirudh,0
Anirudh,0
Anirudh,0
Anirudh,0
Anirudh,0
Anirudh,0
Anirudh,0
Anirudh,0
Anirudh,0
Anirudh,0
Anirudh,0
Anirudh,0
Anirudh,0
Anirudh,0
Anirudh,0
Anirudh,0
Anirudh,0
Anirudh,0
Anirudh,0
Anirudh,0
Anirudh,0
Anirudh,0
Anirudh,0
Anirudh,0
Anirudh,0
Anirudh,0
Anirudh,0
Anirudh,0
Anirudh,0
Anirudh,0
Anirudh,0
Anirudh,0
Anirudh,0
Anirudh,0
Anirudh,0
Anirudh,0
Anirudh,0
Anirudh,0
Anirudh,0
Anirudh,0
Anirudh,0
Anirudh,0
Anirudh,0
Anirudh,0
Anirudh,0
Anirudh,0
Anirudh,0
Anirudh,0
Anirudh,0
Anirudh,0
Anirudh,0
Anirudh,0
Anirudh,0
Anirudh,0
Anirudh,0
Anirudh,0
Anirudh,0
Anirudh,0
Anirudh,0
Anirudh,0
Anirudh,0
Anirudh,0
Anirudh,0
Anirudh,0
Anirudh,0
Anirudh,0
Anirudh,0
Anirudh,0
Anirudh,0
Anirudh,0
Anirudh,0
Anirudh,0
Anirudh,0
Anirudh,0
Anirudh,0
Anirudh,0
Anirudh,0
Anirudh,0
Anirudh,0
Anirudh,0
Anirudh,0
Anirudh,0
Anirudh,0
Anirudh,0
Anirudh,0
Anirudh,0
Anirudh,0
Anirudh,0
Anirudh,0
Anirudh,0
Anirudh,0
Anirudh,0
Anirudh,0
Anirudh,0
Anirudh,0
Anirudh,0
Anirudh,0
Anirudh,0
Anirudh,0
Anirudh,0
Anirudh,0
Anirudh,0
Anirudh,0
Anirudh,0
Anirudh,0
Anirudh,0
Anirudh,0
Anirudh,0
Anirudh,0
Anirudh,0
Anirudh,0
Anirudh,0
Anirudh,0
Anirudh,0
Anirudh,0
Anirudh,0
Anirudh,0
Anirudh,0
Anirudh,0
Anirudh,0
Anirudh,0
Anirudh,0
Anirudh,0
Anirudh,0
Anirudh,0
Anirudh,0
Anirudh,0
Anirudh,0
Anirudh,0
Anirudh,0
Anirudh,0
Anirudh,0
Anirudh,0
Anirudh,0
Anirudh,0
Anirudh,0
Anirudh,0
Anirudh,0
Anirudh,0
Anirudh,0
Anirudh,0
Anirudh,0
Anirudh,0
Anirudh,0
Anirudh,0
Anirudh,0
Anirudh,0
Anirudh,0
Anirudh,0
Anirudh,0
Anirudh,0
Anirudh,0
Anirudh,0
Anirudh,0
Anirudh,0
Anirudh,0
Anirudh,0
Anirudh,0
Anirudh,0
Anirudh,0
Anirudh,0
Anirudh,0
Anirudh,0
Anirudh,0
Anirudh,0
Anirudh,0
Anirudh,0
Anirudh,0
Anirudh,0
Anirudh,0
Anirudh,0
Anirudh,0
Anirudh,0
Anirudh,0
Anirudh,0
Anirudh,0
Anirudh,0
Anirudh,0
Anirudh,0
Anirudh,0
Anirudh,0
Anirudh,0
Anirudh,0
Anirudh,0
Anirudh,0
Anirudh,0
Anirudh,0
Anirudh,0
Anirudh,0
Anirudh,0
Anirudh,0
Anirudh,0
Anirudh,0
Anirudh,0
Anirudh,0
Anirudh,0
Anirudh,0
Anirudh,0
Anirudh,0
Anirudh,0
Anirudh,0
Anirudh,0
Anirudh,0
Anirudh,0
Anirudh,0
Anirudh,0
Anirudh,0
Anirudh,0
Anirudh,0
Anirudh,0
Anirudh,0
Anirudh,0
Anirudh,0
Anirudh,0
Anirudh,0
Anirudh,0
Anirudh,0
Anirudh,0
Anirudh,0
Anirudh,0
Anirudh,0
Anirudh,0
Anirudh,0
Anirudh,0
Anirudh,0
Anirudh,0
Anirudh,0
Anirudh,0
Anirudh,0
Anirudh,0
Anirudh,0
Anirudh,0
Anirudh,0
Anirudh,0
Anirudh,0
Anirudh,0
Anirudh,0
Anirudh,0
Anirudh,0
Anirudh,0
Anirudh,0
Anirudh,0
Anirudh,0
Anirudh,0
Anirudh,0
Anirudh,0
Anirudh,0
Anirudh,0
Anirudh,0
Anirudh,0
Anirudh,0
Anirudh,0
Anirudh,0
Anirudh,0
Anirudh,0
Anirudh,0
Anirudh,0
Anirudh,0
Anirudh,0
Anirudh,0
Anirudh,0
Anirudh,0
Anirudh,0
Anirudh,0
Anirudh,0
Anirudh,0
Anirudh,0
Anirudh,0
Anirudh,0
Anirudh,0
Anirudh,0
Anirudh,0
Anirudh,0
Anirudh,0
Anirudh,0
Anirudh,0
Anirudh,0
Anirudh,0
Anirudh,0
Anirudh,0
Anirudh,0
Anirudh,0
Anirudh,0
Anirudh,0
Anirudh,0
Anirudh,0
Anirudh,0
Anirudh,0
Anirudh,0
Anirudh,0
Anirudh,0
Anirudh,0
Anirudh,0
Anirudh,0
Anirudh,0
Anirudh,0
Anirudh,0
Anirudh,0
Anirudh,0
Anirudh,0
Anirudh,0
Anirudh,0
Anirudh,0
Anirudh,0
Anirudh,0
Anirudh,0
Anirudh,0
Anirudh,0
Anirudh,0
Anirudh,0
Anirudh,0
Anirudh,0
Anirudh,0
Anirudh,0
Anirudh,0
Anirudh,0
Anirudh,0
Anirudh,0
Anirudh,0
Anirudh,0
Anirudh,0
Anirudh,0
Anirudh,0
Anirudh,0
Anirudh,0
Anirudh,0
Anirudh,0
Anirudh,0
Anirudh,0
Anirudh,0
Anirudh,0
Anirudh,0
Anirudh,0
Anirudh,0
Anirudh,0
Anirudh,0
Anirudh,0
Anirudh,0
Anirudh,0
Anirudh,0
Anirudh,0
Anirudh,0
Anirudh,0
Anirudh,0
Anirudh,0
Anirudh,0
Anirudh,0
Anirudh,0
Anirudh,0
Anirudh,0
Anirudh,0
Anirudh,0
Anirudh,0
Anirudh,0
Anirudh,0
Anirudh,0
Anirudh,0
Anirudh,0
Anirudh,0
Anirudh,0
Anirudh,0
Anirudh,0
Anirudh,0
Anirudh,0
Anirudh,0
Anirudh,0
Anirudh,0
Anirudh,0
Anirudh,0
Anirudh,0
Anirudh,0
Anirudh,0
Anirudh,0
Anirudh,0
Anirudh,0
Anirudh,0
Anirudh,0
Anirudh,0
Anirudh,0
Anirudh,0
Anirudh,0
Anirudh,0
Anirudh,0
Anirudh,0
Anirudh,0
Anirudh,0
Anirudh,0
Anirudh,0
Anirudh,0
Anirudh,0
Anirudh,0
Anirudh,0
Anirudh,0
Anirudh,0
Anirudh,0
Anirudh,0
Anirudh,0
Anirudh,0
Anirudh,0
Anirudh,0
Anirudh,0
Anirudh,0
Anirudh,0
Anirudh,0
Anirudh,0
Anirudh,0
Anirudh,0
Anirudh,0
Anirudh,0
Anirudh,0
Anirudh,0
Anirudh,0
Anirudh,0
Anirudh,0
Anirudh,0
Anirudh,0
Anirudh,0
Anirudh,0
Anirudh,0
Anirudh,0
Anirudh,0
Anirudh,0
Anirudh,0
Anirudh,0
Anirudh,0
Anirudh,0
Anirudh,0
Anirudh,0
Anirudh,0
Anirudh,0
Anirudh,0
Anirudh,0
Anirudh,0
Anirudh,0
Anirudh,0
Anirudh,0
Anirudh,0
Anirudh,0
Anirudh,0
Anirudh,0
Anirudh,0
Anirudh,0
Anirudh,0
Anirudh,0
Anirudh,0
Anirudh,0
Anirudh,0
Anirudh,0
Anirudh,0
Anirudh,0
Anirudh,0
Anirudh,0
Anirudh,0
Anirudh,0
Anirudh,0
Anirudh,0
Anirudh,0
Anirudh,0
Anirudh,0
Anirudh,0
Anirudh,0
Anirudh,0
Anirudh,0
Anirudh,0
Anirudh,0
Anirudh,0
Anirudh,0
Anirudh,0
Anirudh,0
Anirudh,0
Anirudh,0
Anirudh,0
Anirudh,0
Anirudh,0
Anirudh,0
Anirudh,0
Anirudh,0
Anirudh,0
Anirudh,0
Anirudh,0
Anirudh,0
Anirudh,0
Anirudh,0
Anirudh,0
Anirudh,0
Anirudh,0
Anirudh,0
Anirudh,0
Anirudh,0
Anirudh,0
Anirudh,0
Anirudh,0
Anirudh,0
Anirudh,0
Anirudh,0
Anirudh,0
Anirudh,0
Anirudh,0
Anirudh,0
Anirudh,0
Anirudh,0
Anirudh,0
Anirudh,0
Anirudh,0
Anirudh,0
Anirudh,0
Anirudh,0
Anirudh,0
Anirudh,0
Anirudh,0
Anirudh,0
Anirudh,0
Anirudh,0
Anirudh,0
Anirudh,0
Anirudh,0
Anirudh,0
Anirudh,0
Anirudh,0
Anirudh,0
Anirudh,0
Anirudh,0
Anirudh,0
Anirudh,0
Anirudh,0
Anirudh,0
Anirudh,0
Anirudh,0
Anirudh,0
Anirudh,0
Anirudh,0
Anirudh,0
Anirudh,0
Anirudh,0
Anirudh,0
Anirudh,0
Anirudh,0
Anirudh,0
Anirudh,0
Anirudh,0
Anirudh,0
Anirudh,0
Anirudh,0
Anirudh,0
Anirudh,0
Anirudh,0
Anirudh,0
Anirudh,0
Anirudh,0
Anirudh,0
Anirudh,0
Anirudh,0
Anirudh,0
Anirudh,0
Anirudh,0
Anirudh,0
Anirudh,0
Anirudh,0
Anirudh,0
Anirudh,0
Anirudh,0
Anirudh,0
Anirudh,0
Anirudh,0
Anirudh,0
Anirudh,0
Anirudh,0
Anirudh,0
Anirudh,0
Anirudh,0
Anirudh,0
Anirudh,0
Anirudh,0
Anirudh,0
Anirudh,0
Anirudh,0
Anirudh,0
Anirudh,0
Anirudh,0
Anirudh,0
Anirudh,0
Anirudh,0
Anirudh,0
Anirudh,0
Anirudh,0
Anirudh,0
Anirudh,0
Anirudh,0
Anirudh,0
Anirudh,0
Anirudh,0
Anirudh,0
Anirudh,0
Anirudh,0
Anirudh,0
Anirudh,0
Anirudh,0
Anirudh,0
Anirudh,0
Anirudh,0
Anirudh,0
Anirudh,0
Anirudh,0
Anirudh,0
Anirudh,0
Anirudh,0
Anirudh,0
Anirudh,0
Anirudh,0
Anirudh,0
Anirudh,0
Anirudh,0
Anirudh,0
Anirudh,0
Anirudh,0
Anirudh,0
Anirudh,0
Anirudh,0
Anirudh,0
Anirudh,0
Anirudh,0
Anirudh,0
Anirudh,0
Anirudh,0
Anirudh,0
Anirudh,0
Anirudh,0
Anirudh,0
Anirudh,0
Anirudh,0
Anirudh,0
Anirudh,0
Anirudh,0
Anirudh,0
Anirudh,0
Anirudh,0
Anirudh,0
Anirudh,0
Anirudh,0
Anirudh,0
Anirudh,0
Anirudh,0
Anirudh,0
Anirudh,0
Anirudh,0
Anirudh,0
Anirudh,0
Anirudh,0
Anirudh,0
Anirudh,0
Anirudh,0
Anirudh,0
Anirudh,0
Anirudh,0
Anirudh,0
Anirudh,0
Anirudh,0
Anirudh,0
Anirudh,0
Anirudh,0
Anirudh,0
Anirudh,0
Anirudh,0
Anirudh,0
Anirudh,0
Anirudh,0
Anirudh,0
Anirudh,0
Anirudh,0
Anirudh,0
Anirudh,0
Anirudh,0
Anirudh,0
Anirudh,0
Anirudh,0
Anirudh,0
Anirudh,0
Anirudh,0
Anirudh,0
Anirudh,0
Anirudh,0
Anirudh,0
Anirudh,0
Anirudh,0
Anirudh,0
Anirudh,0
Anirudh,0
Anirudh,0
Anirudh,0
Anirudh,0
Anirudh,0
Anirudh,0
Anirudh,0
Anirudh,0
Anirudh,0
Anirudh,0
Anirudh,0
Anirudh,0
Anirudh,0
Anirudh,0
Anirudh,0
Anirudh,0
Anirudh,0
Anirudh,0
Anirudh,0
Anirudh,0
Anirudh,0
Anirudh,0
Anirudh,0
Anirudh,0
Anirudh,0
Anirudh,0
Anirudh,0
Anirudh,0
Anirudh,0
Anirudh,0
Anirudh,0
Anirudh,0
Anirudh,0
Anirudh,0
Anirudh,0
Anirudh,0
Anirudh,0
Anirudh,0
Anirudh,0
Anirudh,0
Anirudh,0
Anirudh,0
Anirudh,0
Anirudh,0
Anirudh,0
Anirudh,0
Anirudh,0
Anirudh,0
Anirudh,0
Anirudh,0
Anirudh,0
Anirudh,0
Anirudh,0
Anirudh,0
Anirudh,0
Anirudh,0
Anirudh,0
Anirudh,0
Anirudh,0
Anirudh,0
Anirudh,0
Anirudh,0
Anirudh,0
Anirudh,0
Anirudh,0
Anirudh,0
Anirudh,0
Anirudh,0
Anirudh,0
Anirudh,0
Anirudh,0
Anirudh,0
Anirudh,0
Anirudh,0
Anirudh,0
Anirudh,0
Anirudh,0
Anirudh,0
Anirudh,0
Anirudh,0
Anirudh,0
Anirudh,0
Anirudh,0
Anirudh,0
Anirudh,0
Anirudh,0
Anirudh,0
Anirudh,0
Anirudh,0
Anirudh,0
Anirudh,0
Anirudh,0
Anirudh,0
Anirudh,0
Anirudh,0
Anirudh,0
Anirudh,0
Anirudh,0
Anirudh,0
Anirudh,0
Anirudh,0
Anirudh,0
Anirudh,0
Anirudh,0
Anirudh,0
Anirudh,0
Anirudh,0
Anirudh,0
Anirudh,0
Anirudh,0
Anirudh,0
Anirudh,0
Anirudh,0
Anirudh,0
Anirudh,0
Anirudh,0
Anirudh,0
Anirudh,0
Anirudh,0
Anirudh,0
Anirudh,0
Anirudh,0
Anirudh,0
Anirudh,0
Anirudh,0
Anirudh,0
Anirudh,0
Anirudh,0
Anirudh,0
Anirudh,0
Anirudh,0
Anirudh,0
Anirudh,0
Anirudh,0
Anirudh,0
Anirudh,0
Anirudh,0
Anirudh,0
Anirudh,0
Anirudh,0
Anirudh,0
Anirudh,0
Anirudh,0
Anirudh,0
Anirudh,0
Anirudh,0
Anirudh,0
Anirudh,0
Anirudh,0
Anirudh,0
Anirudh,0
Anirudh,0
Anirudh,0
Anirudh,0
Anirudh,0
Anirudh,0
Anirudh,0
Anirudh,0
Anirudh,0
Anirudh,0
Anirudh,0
Anirudh,0
Anirudh,0
Anirudh,0
Anirudh,0
Anirudh,0
Anirudh,0
Anirudh,0
Anirudh,0
Anirudh,0
Anirudh,0
Anirudh,0
Anirudh,0
Anirudh,0
Anirudh,0
Anirudh,0
Anirudh,0
Anirudh,0
Anirudh,0
Anirudh,0
Anirudh,0
Anirudh,0
Anirudh,0
Anirudh,0
Anirudh,0
Anirudh,0
Anirudh,0
Anirudh,0
Anirudh,0
Anirudh,0
Anirudh,0
Anirudh,0
Anirudh,0
Anirudh,0
Anirudh,0
Anirudh,0
Anirudh,0
Anirudh,0
Anirudh,0
Anirudh,0
Anirudh,0
Anirudh,0
Anirudh,0
Anirudh,0
Anirudh,0
Anirudh,0
Anirudh,0
Anirudh,0
Anirudh,0
Anirudh,0
Anirudh,0
Anirudh,0
Anirudh,0
Anirudh,0
Anirudh,0
Anirudh,0
Anirudh,0
Anirudh,0
Anirudh,0
Anirudh,0
Anirudh,0
Anirudh,0
Anirudh,0
Anirudh,0
Anirudh,0
Anirudh,0
Anirudh,0
Anirudh,0
Anirudh,0
Anirudh,0
Anirudh,0
Anirudh,0
Anirudh,0
Anirudh,0
Anirudh,0
Anirudh,0
Anirudh,0
Anirudh,0
Anirudh,0
Anirudh,0
Anirudh,0
Anirudh,0
Anirudh,0
Anirudh,0
Anirudh,0
Anirudh,0
Anirudh,0
Anirudh,0
Anirudh,0
Anirudh,0
Anirudh,0
Anirudh,0
Anirudh,0
Anirudh,0
Anirudh,0
Anirudh,0
Anirudh,0
Anirudh,0
Anirudh,0
Anirudh,0
Anirudh,0
Anirudh,0
Anirudh,0
Anirudh,0
Anirudh,0
Anirudh,0
Anirudh,0
Anirudh,0
Anirudh,0
Anirudh,0
Anirudh,0
Anirudh,0
Anirudh,0
Anirudh,0
Anirudh,0
Anirudh,0
Anirudh,0
Anirudh,0
Anirudh,0
Anirudh,0
Anirudh,0
Anirudh,0
Anirudh,0
Anirudh,0
Anirudh,0
Anirudh,0
Anirudh,0
Anirudh,0
Anirudh,0
Anirudh,0
Anirudh,0
Anirudh,0
Anirudh,0
Anirudh,0
Anirudh,0
Anirudh,0
Anirudh,0
Anirudh,0
Anirudh,0
Anirudh,0
Anirudh,0
Anirudh,0
Anirudh,0
Anirudh,0
Anirudh,0
Anirudh,0
Anirudh,0
Anirudh,0
Anirudh,0
Anirudh,0
Anirudh,0
Anirudh,0
Anirudh,0
Anirudh,0
Anirudh,0
Anirudh,0
Anirudh,0
Anirudh,0
Anirudh,0
Anirudh,0
Anirudh,0
Anirudh,0
Anirudh,0
Anirudh,0
Anirudh,0
Anirudh,0
Anirudh,0
Anirudh,0
Anirudh,0
Anirudh,0
Anirudh,0
Anirudh,0
Anirudh,0
Anirudh,0
Anirudh,0
Anirudh,0
Anirudh,0
Anirudh,0
Anirudh,0
Anirudh,0
Anirudh,0
Anirudh,0
Anirudh,0
Anirudh,0
Anirudh,0
Anirudh,0
Anirudh,0
Anirudh,0
Anirudh,0
Anirudh,0
Anirudh,0
Anirudh,0
Anirudh,0
Anirudh,0
Anirudh,0
Anirudh,0
Anirudh,0
Anirudh,0
Anirudh,0
Anirudh,0
Anirudh,0
Anirudh,0
Anirudh,0
Anirudh,0
Anirudh,0
Anirudh,0
Anirudh,0
Anirudh,0
Anirudh,0
Anirudh,0
Anirudh,0
Anirudh,0
Anirudh,0
Anirudh,0
Anirudh,0
Anirudh,0
Anirudh,0
Anirudh,0
Anirudh,0
Anirudh,0
Anirudh,0
Anirudh,0
Anirudh,0
Anirudh,0
Anirudh,0
Anirudh,0
Anirudh,0
Anirudh,0
Anirudh,0
Anirudh,0
Anirudh,0
Anirudh,0
Anirudh,0
Anirudh,0
Anirudh,0
Anirudh,0
Anirudh,0
Anirudh,0
Anirudh,0
Anirudh,0
Anirudh,0
Anirudh,0
Anirudh,0
Anirudh,0
Anirudh,0
Anirudh,0
Anirudh,0
Anirudh,0
Anirudh,0
Anirudh,0
Anirudh,0
Anirudh,0
Anirudh,0
Anirudh,0
Anirudh,0
Anirudh,0
Anirudh,0
Anirudh,0
Anirudh,0
Anirudh,0
Anirudh,0
Anirudh,0
Anirudh,0
Anirudh,0
Anirudh,0
Anirudh,0
Anirudh,0
Anirudh,0
Anirudh,0
Anirudh,0
Anirudh,0
Anirudh,0
Anirudh,0
Anirudh,0
Anirudh,0
Anirudh,0
Anirudh,0
Anirudh,0
Anirudh,0
Anirudh,0
Anirudh,0
Anirudh,0
Anirudh,0
Anirudh,0
Anirudh,0
Anirudh,0
Anirudh,0
Anirudh,0
Anirudh,0
Anirudh,0
Anirudh,0
Anirudh,0
Anirudh,0
Anirudh,0
Anirudh,0
Anirudh,0
Anirudh,0
Anirudh,0
Anirudh,0
Anirudh,0
Anirudh,0
Anirudh,0
Anirudh,0
Anirudh,0
Anirudh,0
Anirudh,0
Anirudh,0
Anirudh,0
Anirudh,0
Anirudh,0
Anirudh,0
Anirudh,0
Anirudh,0
Anirudh,0
Anirudh,0
Anirudh,0
Anirudh,0
Anirudh,0
Anirudh,0
Anirudh,0
Anirudh,0
Anirudh,0
Anirudh,0
Anirudh,0
Anirudh,0
Anirudh,0
Anirudh,0
Anirudh,0
Anirudh,0
Anirudh,0
Anirudh,0
Anirudh,0
Anirudh,0
Anirudh,0
Anirudh,0
Anirudh,0
Anirudh,0
Anirudh,0
Anirudh,0
Anirudh,0
Anirudh,0
Anirudh,0
Anirudh,0
Anirudh,0
Anirudh,0
Anirudh,0
Anirudh,0
Anirudh,0
Anirudh,0
Anirudh,0
Anirudh,0
Anirudh,0
Anirudh,0
Anirudh,0
Anirudh,0
Anirudh,0
Anirudh,0
Anirudh,0
Anirudh,0
Anirudh,0
Anirudh,0
Anirudh,0
Anirudh,0
Anirudh,0
Anirudh,0
Anirudh,0
Anirudh,0
Anirudh,0
Anirudh,0
Anirudh,0
Anirudh,0
Anirudh,0
Anirudh,0
Anirudh,0
Anirudh,0
Anirudh,0
Anirudh,0
Anirudh,0
Anirudh,0
Anirudh,0
Anirudh,0
Anirudh,0
Anirudh,0
Anirudh,0
Anirudh,0
Anirudh,0
Anirudh,0
Anirudh,0
Anirudh,0
Anirudh,0
Anirudh,0
Anirudh,0
Anirudh,0
Anirudh,0
Anirudh,0
Anirudh,0
Anirudh,0
Anirudh,0
Anirudh,0
Anirudh,0
Anirudh,0
Anirudh,0
Anirudh,0
Anirudh,0
Anirudh,0
Anirudh,0
Anirudh,0
Anirudh,0
Anirudh,0
Anirudh,0
Anirudh,0
Anirudh,0
Anirudh,0
Anirudh,0
Anirudh,0
Anirudh,0
Anirudh,0
Anirudh,0
Anirudh,0
Anirudh,0
Anirudh,0
Anirudh,0
Anirudh,0
Anirudh,0
Anirudh,0
Anirudh,0
Anirudh,0
Anirudh,0
Anirudh,0
Anirudh,0
Anirudh,0
Anirudh,0
Anirudh,0
Anirudh,0
Anirudh,0
Anirudh,0
Anirudh,0
Anirudh,0
Anirudh,0
Anirudh,0
Anirudh,0
Anirudh,0
Anirudh,0
Anirudh,0
Anirudh,0
Anirudh,0
Anirudh,0
Anirudh,0
Ani,0
Ani,0
Ani,0
Ani,0
Ani,0
Ani,0
Ani,0
Ani,0
Ani,0
Ani,0
Ani,0
Ani,0
Ani,0
Ani,0
Ani,0
Ani,0
Ani,0
Ani,0
Ani,0
Ani,0
Ani,0
Ani,0
Ani,0
Ani,0
Ani,0
Ani,0
Ani,0
Ani,0
Ani,0
Ani,0
Ani,0
Ani,0
Ani,0
Ani,0
Ani,0
Ani,0
Ani,0
Ani,0
Ani,0
Ani,0
Ani,0
Ani,0
Ani,0
Ani,0
Ani,0
Ani,0
Ani,0
Ani,0
Ani,0
Ani,0
Ani,0
Ani,0
Ani,0
Ani,0
Ani,0
Ani,0
Ani,0
Ani,0
Ani,0
Ani,0
Ani,0
Ani,0
Ani,0
Ani,0
Ani,0
Ani,0
Ani,0
Ani,0
Ani,0
Ani,0
Ani,0
Ani,0
Ani,0
Ani,0
Ani,0
Ani,0
Ani,0
Ani,0
Ani,0
Ani,0
Ani,0
Ani,0
Ani,0
Ani,0
Ani,0
Ani,0
Ani,0
Ani,0
Ani,0
Ani,0
Ani,0
Ani,0
Ani,0
Ani,0
Ani,0
Ani,0
Ani,0
Ani,0
Ani,0
Ani,0
Ani,0
Ani,0
Ani,0
Ani,0
Ani,0
Ani,0
Ani,0
Ani,0
Ani,0
Ani,0
Ani,0
Ani,0
Ani,0
Ani,0
Ani,0
Ani,0
Ani,0
Ani,0
Ani,0
Ani,0
Ani,0
Ani,0
Ani,0
Ani,0
Ani,0
Ani,0
Ani,0
Ani,0
Ani,0
Ani,0
Ani,0
Ani,0
Ani,0
Ani,0
Ani,0
Ani,0
Ani,0
Ani,0
Ani,0
Ani,0
Ani,0
Ani,0
Ani,0
Ani,0
Ani,0
Ani,0
Ani,0
Ani,0
Ani,0
Ani,0
Ani,0
Ani,0
Ani,0
Ani,0
Ani,0
Ani,0
Ani,0
Ani,0
Ani,0
Ani,0
Ani,0
Ani,0
Ani,0
Ani,0
Ani,0
Ani,0
Ani,0
Ani,0
Ani,0
Ani,0
Ani,0
Ani,0
Ani,0
Ani,0
Ani,0
Ani,0
Ani,0
Ani,0
Ani,0
Ani,0
Ani,0
Anirudh,0
Anirudh,0
Anirudh,0
Anirudh,0
Anirudh,0
Anirudh,0
Anirudh,0
Anirudh,0
Anirudh,0
Anirudh,0
Anirudh,0
Anirudh,0
Anirudh,0
Anirudh,0
Anirudh,0
Anirudh,0
Anirudh,0
Anirudh,0
Anirudh,0
Anirudh,0
Anirudh,0
Anirudh,0
Anirudh,0
Anirudh,0
Anirudh,0
Anirudh,0
Anirudh,0
Anirudh,0
Anirudh,0
Anirudh,0
Anirudh,0
Anirudh,0
Anirudh,0
Anirudh,0
Anirudh,0
Anirudh,0
Anirudh,0
Anirudh,0
Anirudh,0
Anirudh,0
Anirudh,0
Anirudh,0
Anirudh,0
Anirudh,0
Anirudh,0
Anirudh,0
Anirudh,0
Anirudh,0
Anirudh,0
Anirudh,0
Anirudh,0
Anirudh,0
Anirudh,0
Anirudh,0
Anirudh,0
Anirudh,0
Anirudh,0
Anirudh,0
Anirudh,0
Anirudh,0
Anirudh,0
Anirudh,0
Anirudh,0
Anirudh,0
Anirudh,0
Anirudh,0
Anirudh,0
Anirudh,0
Anirudh,0
Anirudh,0
Anirudh,0
Anirudh,0
Anirudh,0
Anirudh,0
Anirudh,0
Anirudh,0
Anirudh,0
Anirudh,0
Anirudh,0
Anirudh,0
Anirudh,0
ANi,0
ANi,0
ANi,0
ANi,0
ANi,0
ANi,0
ANi,0
ANi,0
ANi,0
ANi,0
ANi,0
ANi,0
ANi,0
ANi,0
ANi,0
ANi,0
ANi,0
ANi,0
ANi,0
ANi,0
ANi,0
ANi,0
ANi,0
ANi,0
ANi,0
ANi,0
ANi,0
ANi,0
ANi,0
ANi,0
ANi,0
ANi,0
ANi,0
ANi,0
ANi,0
ANi,0
ANi,0
ANi,0
ANi,0
ANi,0
ANi,0
ANi,0
ANi,0
ANi,0
ANi,0
ANi,0
ANi,0
ANi,0
ANi,0
ANi,0
ANi,0
ANi,0
ANi,0
ANi,0
ANi,0
ANi,0
ANi,0
ANi,0
ANi,0
ANi,0
ANi,0
ANi,0
ANi,0
ANi,0
ANi,0
ANi,0
ANi,0
ANi,0
ANi,0
ANi,0
ANi,0
ANi,0
ANi,0
ANi,0
ANi,0
ANi,0
ANi,0
ANi,0
ANi,0
ANi,0
ANi,0
ANi,0
ANi,0
ANi,0
ANi,0
ANi,0
ANi,0
ANi,0
ANi,0
ANi,0
ANi,0
ANi,0
ANi,0
ANi,0
ANi,0
ANi,0
ANi,0
ANi,0
ANi,0
ANi,0
ANi,0
ANi,0
ANi,0
ANi,0
ANi,0
ANi,0
ANi,0
ANi,0
ANi,0
ANi,0
ANi,0
ANi,0
ANi,0
ANi,0
ANi,0
ANi,0
ANi,0
ANi,0
ANi,0
ANi,0
ANi,0
ANi,0
ANi,0
ANi,0
ANi,0
ANi,0
ANi,0
ANi,0
ANi,0
ANi,0
ANi,0
ANi,0
ANi,0
ANi,0
ANi,0
ANi,0
ANi,0
ANi,0
ANi,0
ANi,0
ANi,0
ANi,0
ANi,0
ANi,0
ANi,0
ANi,0
ANi,0
ANi,0
ANi,0
ANi,0
ANi,0
ANi,0
ANi,0
ANi,0
ANi,0
ANi,0
ANi,0
ANi,0
ANi,0
ANi,0
ANi,0
ANi,0
ANi,0
ANi,0
ANi,0
ANi,0
ANi,0
ANi,0
ANi,0
ANi,0
ANi,0
ANi,0
ANi,0
ANi,0
ANi,0
ANi,0
ANi,0
ANi,0
ANi,0
ANi,0
ANi,0
ANi,0
ANi,0
ANi,0
ANi,0
ANi,0
ANi,0
ANi,0
ANi,0
ANi,0
ANi,0
ANi,0
ANi,0
ANi,0
ANi,0
ANi,0
ANi,0
ANi,0
ANi,0
ANi,0
ANi,0
ANi,0
ANi,0
ANi,0
ANi,0
ANi,0
ANi,0
ANi,0
ANi,0
ANi,0
ANi,0
ANi,0
ANi,0
ANi,0
ANi,0
ANi,0
ANi,0
ANi,0
ANi,0
ANi,0
ANi,0
ANi,0
ANi,0
ANi,0
ANi,0
ANi,0
ANi,0
ANi,0
ANi,0
ANi,0
ANi,0
ANi,0
ANi,0
ANi,0
ANi,0
ANi,0
ANi,0
ANi,0
ANi,0
ANi,0
ANi,0
ANi,0
ANi,0
ANi,0
ANi,0
ANi,0
ANi,0
ANi,0
ANi,0
ANi,0
ANi,0
ANi,0
ANi,0
ANi,0
ANi,0
ANi,0
ANi,0
ANi,0
ANi,0
ANi,0
ANi,0
ANi,0
ANi,0
ANi,0
ANi,0
ANi,0
ANi,0
ANi,0
ANi,0
ANi,0
ANi,0
ANi,0
ANi,0
ANi,0
ANi,0
ANi,0
ANi,0
ANi,0
ANi,0
ANi,0
ANi,0
ANi,0
ANi,0
ANi,0
ANi,0
ANi,0
ANi,0
ANi,0
ANi,0
ANi,0
ANi,0
ANi,0
ANi,0
ANi,0
ANi,0
ANi,0
ANi,0
ANi,0
ANi,0
ANi,0
ANi,0
ANi,0
ANi,0
ANi,0
ANi,0
ANi,0
ANi,0
ANi,0
ANi,0
ANi,0
ANi,0
ANi,0
ANi,0
ANi,0
ANi,0
ANi,0
ANi,0
ANi,0
ANi,0
ANi,0
ANi,0
ANi,0
ANi,0
ANi,0
ANi,0
ANi,0
ANi,0
ANi,0
ANi,0
ANi,0
ANi,0
ANi,0
ANi,0
ANi,0
ANi,0
ANi,0
ANi,0
ANi,0
ANi,0
ANi,0
ANi,0
ANi,0
ANi,0
ANi,0
ANi,0
ANi,0
ANi,0
ANi,0
ANi,0
ANi,0
ANi,0
ANi,0
ANi,0
ANi,0
ANi,0
ANi,0
ANi,0
ANi,0
ANi,0
ANi,0
ANi,0
ANi,0
ANi,0
ANi,0
ANi,0
ANi,0
ANi,0
ANi,0
ANi,0
ANi,0
ANi,0
ANi,0
ANi,0
ANi,0
ANi,0
ANi,0
ANi,0
ANi,0
ANi,0
ANi,0
ANi,0
ANi,0
ANi,0
ANi,0
ANi,0
ANi,0
ANi,0
ANi,0
ANi,0
ANi,0
ANi,0
ANi,0
ANi,0
ANi,0
ANi,0
ANi,0
ANi,0
ANi,0
ANi,0
ANi,0
ANi,0
ANi,0
ANi,0
ANi,0
ANi,0
ANi,0
ANi,0
ANi,0
ANi,0
ANi,0
ANi,0
ANi,0
ANi,0
ANi,0
ANi,0
ANi,0
ANi,0
ANi,0
ANi,0
ANi,0
ANi,0
ANi,0
ANi,0
ANi,0
ANi,0
ANi,0
ANi,0
ANi,0
ANi,0
ANi,0
ANi,0
ANi,0
ANi,0
ANi,0
ANi,0
ANi,0
ANi,0
ANi,0
ANi,0
ANi,0
ANi,0
ANi,0
ANi,0
ANi,0
ANi,0
ANi,0
ANi,0
ANi,0
ANi,0
ANi,0
ANi,0
ANi,0
ANi,0
ANi,0
ANi,0
ANi,0
ANi,0
ANi,0
ANi,0
ANi,0
ANi,0
ANi,0
ANi,0
ANi,0
ANi,0
ANi,0
ANi,0
ANi,0
ANi,0
ANi,0
ANi,0
ANi,0
ANi,0
ANi,0
ANi,0
ANi,0
ANi,0
ANi,0
ANi,0
ANi,0
ANi,0
ANi,0
ANi,0
ANi,0
ANi,0
ANi,0
ANi,0
ANi,0
ANi,0
ANi,0
ANi,0
ANi,0
ANi,0
ANi,0
ANi,0
ANi,0
ANi,0
ANi,0
Anirudh,0
Anirudh,0
Anirudh,0
Anirudh,0
Anirudh,0
Anirudh,0
Anirudh,0
Anirudh,0
Anirudh,0
Anirudh,0
Anirudh,0
Anirudh,0
Anirudh,0
Anirudh,0
Anirudh,0
Anirudh,0
Anirudh,0
Anirudh,0
Anirudh,0
Anirudh,0
Anirudh,0
Anirudh,0
Anirudh,0
Anirudh,0
Anirudh,0
Anirudh,0
Anirudh,0
Anirudh,0
Anirudh,0
Anirudh,0
Anirudh,0
Anirudh,0
Anirudh,0
Anirudh,0
Anirudh,0
Anirudh,0
Anirudh,0
Anirudh,0
Anirudh,0
Anirudh,0
Anirudh,0
Anirudh,0
Anirudh,0
Anirudh,0
Anirudh,0
Anirudh,0
Anirudh,0
Anirudh,0
Anirudh,0
Anirudh,0
Anirudh,0
Anirudh,0
Anirudh,0
Anirudh,0
Anirudh,0
Anirudh,0
Anirudh,0
Anirudh,0
Anirudh,0
Anirudh,0
Anirudh,0
Anirudh,0
Anirudh,0
Anirudh,0
Anirudh,0
Anirudh,0
Anirudh,0
Anirudh,0
Anirudh,0
Anirudh,0
Anirudh,0
Anirudh,0
Anirudh,0
Anirudh,0
Anirudh,0
Anirudh,0
Anirudh,0
Anirudh,0
Anirudh,0
Anirudh,0
Anirudh,0
Anirudh,0
Anirudh,0
Anirudh,0
Anirudh,0
Anirudh,0
Anirudh,0
Anirudh,0
Anirudh,0
Anirudh,0
Anirudh,0
Anirudh,0
Anirudh,0
Anirudh,0
Anirudh,0
Anirudh,0
Anirudh,0
Anirudh,0
Anirudh,0
Anirudh,0
Anirudh,0
Anirudh,0
Anirudh,0
Anirudh,0
Anirudh,0
Anirudh,0
Anirudh,0
Anirudh,0
Anirudh,0
Anirudh,0
Anirudh,0
Anirudh,0
Anirudh,0
Anirudh,0
Anirudh,0
Anirudh,0
Anirudh,0
Anirudh,0
Anirudh,0
Anirudh,0
Anirudh,0
Anirudh,0
Anirudh,0
Anirudh,0
Anirudh,0
Anirudh,0
Anirudh,0
Anirudh,0
Anirudh,0
Anirudh,0
Anirudh,0
Anirudh,0
Anirudh,0
Anirudh,0
Anirudh,0
Anirudh,0
Anirudh,0
Anirudh,0
Anirudh,0
Anirudh,0
Anirudh,0
Anirudh,0
Anirudh,0
Anirudh,0
Anirudh,0
Anirudh,0
Anirudh,0
Anirudh,0
Anirudh,0
Anirudh,0
Anirudh,0
Anirudh,0
Anirudh,0
Anirudh,0
Anirudh,0
Anirudh,0
Anirudh,0
Anirudh,0
Anirudh,0
Anirudh,0
Anirudh,0
Anirudh,0
Anirudh,0
Anirudh,0
Anirudh,0
Anirudh,0
Anirudh,0
Anirudh,0
Anirudh,0
Anirudh,0
Anirudh,0
Anirudh,0
Anirudh,0
Anirudh,0
Anirudh,0
Anirudh,0
Anirudh,0
Anirudh,0
Anirudh,0
Anirudh,0
Anirudh,0
Anirudh,0
Anirudh,0
Anirudh,0
Anirudh,0
Anirudh,0
Anirudh,0
Anirudh,0
Anirudh,0
Anirudh,0
Anirudh,0
Anirudh,0
Anirudh,0
Anirudh,0
Anirudh,0
Anirudh,0
Anirudh,0
Anirudh,0
Anirudh,0
Anirudh,0
Anirudh,0
Anirudh,0
Anirudh,0
Anirudh,0
Anirudh,0
Anirudh,0
Anirudh,0
Anirudh,0
Anirudh,0
Anirudh,0
Anirudh,0
Anirudh,0
Anirudh,0
Anirudh,0
Anirudh,0
Anirudh,0
Anirudh,0
Anirudh,0
Anirudh,0
Anirudh,0
Anirudh,0
Anirudh,0
Anirudh,0
Anirudh,0
Anirudh,0
Anirudh,0
Anirudh,0
Anirudh,0
Anirudh,0
Anirudh,0
Anirudh,0
Anirudh,0
Anirudh,0
Anirudh,0
Anirudh,0
Anirudh,0
Anirudh,0
Anirudh,0
Anirudh,0
Anirudh,0
Anirudh,0
Anirudh,0
Anirudh,0
Anirudh,0
Anirudh,0
Anirudh,0
Anirudh,0
Anirudh,0
Anirudh,0
Anirudh,0
Anirudh,0
Anirudh,0
Anirudh,0
Anirudh,0
Anirudh,0
Anirudh,0
Anirudh,0
Anirudh,0
Anirudh,0
Anirudh,0
Anirudh,0
Anirudh,0
Anirudh,0
Anirudh,0
Anirudh,0
Anirudh,0
Anirudh,0
Anirudh,0
Anirudh,0
Anirudh,0
Anirudh,0
Anirudh,0
Anirudh,0
Anirudh,0
Anirudh,0
Anirudh,0
Anirudh,0
Anirudh,0
Anirudh,0
Anirudh,0
Anirudh,0
Anirudh,0
Anirudh,0
Anirudh,0
Anirudh,0
Anirudh,0
Anirudh,0
Anirudh,0
Anirudh,0
Anirudh,0
Anirudh,0
Anirudh,0
Anirudh,0
Anirudh,0
Anirudh,0
Anirudh,0
Anirudh,0
Anirudh,0
Anirudh,0
Anirudh,0
Anirudh,0
Anirudh,0
Anirudh,0
Anirudh,0
Anirudh,0
Anirudh,0
Anirudh,0
Anirudh,0
Anirudh,0
Anirudh,0
Anirudh,0
Anirudh,0
Anirudh,0
Anirudh,0
Anirudh,0
Anirudh,0
Anirudh,0
Anirudh,0
Anirudh,0
Anirudh,0
Anirudh,0
Anirudh,0
Anirudh,0
Anirudh,0
Anirudh,0
Anirudh,0
Anirudh,0
Anirudh,0
Anirudh,0
Anirudh,0
Anirudh,0
Anirudh,0
Anirudh,0
Anirudh,0
Anirudh,0
Anirudh,0
Anirudh,0
Anirudh,0
Anirudh,0
Anirudh,0
Anirudh,0
Anirudh,0
Anirudh,0
Anirudh,0
Anirudh,0
Anirudh,0
Anirudh,0
Anirudh,0
Anirudh,0
Anirudh,0
Anirudh,0
Anirudh,0
Anirudh,0
Anirudh,0
Anirudh,0
Anirudh,0
Anirudh,0
Anirudh,0
Anirudh,0
Anirudh,0
Anirudh,0
Anirudh,0
A,0
A,0
A,0
A,0
A,0
A,0
A,0
A,0
A,0
A,0
A,0
A,0
A,0
A,0
A,0
A,0
A,0
A,0
A,0
A,0
A,0
A,0
A,0
A,0
A,0
A,0
A,0
A,0
A,0
A,0
A,0
A,0
A,0
A,0
A,0
A,0
A,0
A,0
A,0
A,0
A,0
A,0
A,0
A,0
A,0
A,0
A,0
A,0
A,0
A,0
A,0
A,0
A,0
A,0
A,0
A,0
A,0
A,0
A,0
A,0
A,0
A,0
A,0
A,0
A,0
A,0
A,0
A,0
A,0
A,0
A,0
A,0
A,0
A,0
A,0
A,0
A,0
A,0
A,0
A,0
A,0
A,0
A,0
A,0
A,0
A,0
A,0
A,0
A,0
A,0
A,0
A,0
A,0
A,0
A,0
A,0
A,0
A,0
A,0
A,0
A,0
A,0
A,0
A,0
A,0
A,0
A,0
A,0
A,0
A,0
A,0
A,0
A,0
A,0
A,0
A,0
A,0
A,0
A,0
A,0
A,0
A,0
A,0
A,0
A,0
A,0
A,0
A,0
A,0
A,0
A,0
A,0
A,0
A,0
A,0
A,0
A,0
A,0
A,0
A,0
A,0
A,0
A,0
A,0
A,0
A,0
A,0
A,0
A,0
A,0
A,0
A,0
A,0
A,0
A,0
A,0
A,0
A,0
A,0
A,0
A,0
A,0
A,0
A,0
A,0
A,0
A,0
A,0
A,0
A,0
A,0
A,0
A,0
A,0
A,0
A,0
A,0
A,0
A,0
A,0
A,0
A,0
A,0
A,0
A,0
A,0
A,0
A,0
A,0
A,0
A,0
A,0
A,0
A,0
A,0
A,0
A,0
A,0
A,0
A,0
A,0
A,0
A,0
A,0
A,0
A,0
A,0
A,0
A,0
A,0
A,0
A,0
A,0
A,0
A,0
A,0
A,0
A,0
A,0
A,0
A,0
A,0
A,0
A,0
A,0
A,0
A,0
A,0
A,0
A,0
A,0
A,0
A,0
A,0
A,0
A,0
A,0
A,0
A,0
A,0
A,0
A,0
A,0
A,0
A,0
A,0
A,0
A,0
A,0
A,0
A,0
A,0
A,0
A,0
A,0
A,0
A,0
A,0
A,0
A,0
A,0
A,0
A,0
A,0
A,0
A,0
A,0
A,0
A,0
A,0
A,0
A,0
A,0
A,0
A,0
A,0
A,0
A,0
A,0
A,0
A,0
A,0
A,0
A,0
A,0
A,0
A,0
A,0
A,0
A,0
A,0
A,0
A,0
A,0
A,0
A,0
A,0
A,0
A,0
A,0
A,0
A,0
A,0
A,0
A,0
A,0
A,0
A,0
A,0
A,0
A,0
A,0
A,0
A,0
A,0
A,0
A,0
A,0
A,0
A,0
A,0
A,0
A,0
A,0
A,0
A,0
A,0
A,0
A,0
A,0
A,0
A,0
A,0
A,0
A,0
A,0
A,0
A,0
A,0
A,0
A,0
A,0
A,0
A,0
A,0
A,0
A,0
A,0
A,0
A,0
A,0
A,0
A,0
A,0
A,0
A,0
A,0
A,0
A,0
A,0
A,0
A,0
A,0
A,0
A,0
A,0
A,0
A,0
A,0
A,0
A,0
A,0
A,0
A,0
A,0
A,0
A,0
A,0
A,0
A,0
A,0
A,0
A,0
A,0
A,0
A,0
A,0
A,0
A,0
A,0
A,0
A,0
A,0
A,0
A,0
A,0
A,0
A,0
A,0
A,0
A,0
A,0
A,0
A,0
A,0
A,0
A,0
A,0
A,0
A,0
A,0
A,0
A,0
A,0
A,0
A,0
A,0
A,0
A,0
A,0
A,0
A,0
A,0
A,0
A,0
A,0
A,0
A,0
A,0
A,0
A,0
A,0
A,0
A,0
A,0
A,0
A,0
A,0
A,0
A,0
A,0
A,0
A,0
A,0
A,0
A,0
A,0
A,0
A,0
A,0
A,0
A,0
A,0
A,0
A,0
A,0
A,0
A,0
A,0
A,0
A,0
A,0
A,0
A,0
A,0
A,0
A,0
A,0
A,0
A,0
A,0
A,0
A,0
A,0
A,0
A,0
A,0
A,0
A,0
A,0
A,0
A,0
A,0
A,0
A,0
A,0
A,0
A,0
A,0
A,0
A,0
A,0
A,0
A,0
A,0
A,0
A,0
A,0
A,0
A,0
A,0
A,0
A,0
A,0
A,0
A,0
A,0
A,0
A,0
A,0
A,0
A,0
A,0
A,0
A,0
A,0
A,0
A,0
A,0
A,0
A,0
A,0
A,0
A,0
A,0
A,0
A,0
A,0
A,0
A,0
A,0
A,0
A,0
A,0
A,0
A,0
A,0
A,0
A,0
A,0
A,0
A,0
A,0
A,0
A,0
A,0
A,0
A,0
A,0
A,0
A,0
A,0
A,0
A,0
A,0
A,0
A,0
A,0
A,0
A,0
A,0
A,0
A,0
A,0
A,0
A,0
A,0
A,0
A,0
A,0
A,0
A,0
A,0
A,0
A,0
A,0
A,0
A,0
A,0
A,0
A,0
A,0
A,0
A,0
A,0
A,0
A,0
A,0
A,0
A,0
A,0
A,0
A,0
A,0
A,0
A,0
A,0
A,0
A,0
A,0
A,0
A,0
A,0
A,0
A,0
A,0
A,0
A,0
A,0
A,0
A,0
A,0
A,0
A,0
A,0
A,0
A,0
A,0
A,0
A,0
A,0
A,0
A,0
A,0
A,0
A,0
A,0
A,0
A,0
A,0
A,0
A,0
A,0
A,0
A,0
A,0
A,0
A,0
A,0
A,0
A,0
A,0
A,0
A,0
A,0
A,0
A,0
A,0
A,0
A,0
A,0
A,0
A,0
A,0
A,0
A,0
A,0
A,0
A,0
A,0
A,0
A,0
A,0
A,0
A,0
A,0
A,0
A,0
A,0
A,0
A,0
A,0
A,0
A,0
A,0
A,0
A,0
A,0
A,0
A,0
A,0
A,0
A,0
A,0
A,0
A,0
A,0
A,0
A,0
A,0
A,0
A,0
A,0
A,0
A,0
A,0
A,0
A,0
A,0
A,0
A,0
A,0
A,0
A,0
A,0
A,0
A,0
A,0
A,0
A,0
A,0
A,0
A,0
A,0
A,0
A,0
A,0
A,0
A,0
A,0
A,0
A,0
A,0
A,0
A,0
A,0
A,0
A,0
A,0
A,0
A,0
A,0
A,0
A,0
A,0
A,0
A,0
A,0
A,0
A,0
A,0
A,0
A,0
A,0
A,0
A,0
A,0
A,0
A,0
A,0
A,0
A,0
A,0
A,0
A,0
A,0
A,0
A,0
A,0
A,0
A,0
A,0
A,0
A,0
A,0
A,0
A,0
A,0
A,0
A,0
A,0
A,0
A,0
A,0
A,0
A,0
A,0
A,0
A,0
A,0
A,0
A,0
A,0
A,0
A,0
A,0
A,0
A,0
A,0
A,0
A,0
A,0
A,0
A,0
A,0
A,0
A,0
A,0
A,0
A,0
A,0
A,0
A,0
A,0
A,0
A,0
A,0
A,0
A,0
A,0
A,0
A,0
A,0
A,0
A,0
A,0
A,0
A,0
A,0
A,0
A,0
A,0
A,0
A,0
A,0
A,0
A,0
A,0
A,0
A,0
A,0
A,0
A,0
A,0
A,0
A,0
A,0
A,0
A,0
A,0
A,0
A,0
A,0
A,0
A,0
A,0
A,0
A,0
A,0
A,0
A,0
A,0
A,0
A,0
A,0
A,0
A,0
A,0
A,0
A,0
A,0
A,0
A,0
A,0
A,0
A,0
A,0
A,0
A,0
A,0
A,0
A,0
A,0
A,0
A,0
A,0
A,0
A,0
A,0
A,0
A,0
A,0
A,0
A,0
A,0
A,0
A,0
A,0
A,0
A,0
A,0
A,0
A,0
A,0
A,0
A,0
A,0
A,0
A,0
A,0
A,0
A,0
A,0
A,0
A,0
A,0
A,0
A,0
A,0
A,0
A,0
A,0
A,0
A,0
A,0
A,0
A,0
A,0
A,0
A,0
A,0
A,0
A,0
A,0
A,0
A,0
A,0
A,0
A,0
A,0
A,0
A,0
A,0
A,0
A,0
A,0
A,0
A,0
A,0
A,0
A,0
A,0
A,0
A,0
A,0
A,0
A,0
A,0
A,0
A,0
A,0
A,0
A,0
A,0
A,0
A,0
A,0
A,0
A,0
A,0
A,0
A,0
A,0
A,0
A,0
A,0
A,0
A,0
A,0
A,0
A,0
A,0
A,0
A,0
A,0
A,0
A,0
A,0
A,0
A,0
A,0
A,0
A,0
A,0
A,0
A,0
A,0
A,0
A,0
A,0
A,0
A,0
A,0
A,0
A,0
A,0
A,0
A,0
A,0
A,0
A,0
A,0
A,0
A,0
A,0
A,0
A,0
A,0
A,0
A,0
A,0
A,0
A,0
A,0
A,0
A,0
A,0
A,0
A,0
A,0
A,0
A,0
A,0
A,0
A,0
A,0
A,0
A,0
A,0
A,0
A,0
A,0
A,0
A,0
A,0
A,0
A,0
A,0
A,0
A,0
A,0
A,0
A,0
A,0
A,0
A,0
A,0
A,0
A,0
A,0
A,0
A,0
A,0
A,0
A,0
A,0
A,0
A,0
A,0
A,0
A,0
A,0
A,0
A,0
A,0
A,0
A,0
A,0
A,0
A,0
A,0
A,0
A,0
A,0
A,0
A,0
A,0
A,0
A,0
A,0
A,0
A,0
A,0
A,0
A,0
A,0
A,0
A,0
A,0
A,0
A,0
A,0
A,0
A,0
A,0
A,0
Ani,0
Ani,0
Ani,0
Ani,0
Ani,0
Ani,0
Ani,0
Ani,0
Ani,0
Ani,0
Ani,0
Ani,0
Ani,0
Ani,0
Ani,0
Ani,0
Ani,0
Ani,0
Ani,0
Ani,0
Ani,0
Ani,0
Ani,0
Ani,0
Ani,0
Ani,0
Ani,0
Ani,0
Ani,0
Ani,0
Ani,0
Ani,0
Ani,0
Ani,0
Ani,0
Ani,0
Ani,0
Ani,0
Ani,0
Ani,0
Ani,0
Ani,0
Ani,0
Ani,0
Ani,0
Ani,0
Ani,0
Ani,0
Ani,0
Ani,0
Ani,0
Ani,0
Ani,0
Ani,0
Ani,0
Ani,0
Ani,0
Ani,0
Ani,0
Ani,0
Ani,0
Ani,0
Ani,0
Ani,0
Ani,0
Ani,0
Ani,0
Ani,0
Ani,0
Ani,0
Ani,0
Ani,0
Ani,0
Ani,0
Ani,0
Ani,0
Ani,0
Ani,0
Ani,0
Ani,0
Ani,0
Ani,0
Ani,0
Ani,0
Ani,0
Ani,0
Ani,0
Ani,0
Ani,0
Ani,0
Ani,0
Ani,0
Ani,0
Ani,0
Ani,0
Ani,0
Ani,0
Ani,0
Ani,0
Ani,0
Ani,0
Ani,0
Ani,0
Ani,0
Ani,0
Ani,0
Ani,0
Ani,0
Ani,0
Ani,0
Ani,0
Ani,0
Ani,0
Ani,0
Ani,0
Ani,0
Ani,0
Ani,0
Ani,0
Ani,0
Ani,0
Ani,0
Ani,0
Ani,0
Ani,0
Ani,0
Ani,0
Ani,0
Ani,0
Ani,0
Ani,0
Ani,0
Ani,0
Ani,0
Ani,0
Ani,0
Ani,0
Ani,0
Ani,0
Ani,0
Ani,0
Ani,0
Ani,0
Ani,0
Ani,0
Ani,0
Ani,0
Ani,0
Ani,0
Ani,0
Ani,0
Ani,0
Ani,0
Ani,0
Ani,0
Ani,0
Ani,0
Ani,0
Ani,0
Ani,0
Ani,0
Ani,0
Ani,0
Ani,0
Ani,0
Ani,0
Ani,0
Ani,0
Ani,0
Ani,0
Ani,0
Ani,0
Ani,0
Ani,0
Ani,0
Ani,0
Ani,0
Ani,0
Ani,0
Ani,0
Ani,0
Ani,0
Ani,0
Ani,0
Ani,0
Ani,0
Ani,0
Ani,0
Ani,0
Ani,0
Ani,0
Ani,0
Ani,0
Ani,0
Ani,0
Ani,0
Ani,0
Ani,0
Ani,0
Ani,0
Ani,0
Ani,0
Ani,0
Ani,0
Ani,0
Ani,0
Ani,0
Ani,0
Ani,0
Ani,0
Ani,0
Ani,0
Ani,0
Ani,0
Ani,0
Ani,0
Ani,0
Ani,0
Ani,0
Ani,0
Ani,0
Ani,0
Ani,0
Ani,0
Ani,0
Ani,0
Ani,0
Ani,0
Ani,0
Ani,0
Ani,0
Ani,0
Ani,0
Ani,0
Ani,0
Ani,0
Ani,0
Ani,0
Ani,0
Ani,0
Ani,0
Ani,0
Ani,0
Ani,0
Ani,0
Ani,0
Ani,0
Ani,0
Ani,0
Ani,0
Ani,0
Ani,0
Ani,0
Ani,0
Ani,0
Ani,0
Ani,0
Ani,0
Ani,0
Ani,0
Ani,0
Ani,0
Ani,0
Ani,0
Ani,0
Ani,0
Ani,0
Ani,0
Ani,0
Ani,0
Ani,0
Ani,0
Ani,0
Ani,0
Ani,0
Ani,0
Ani,0
Ani,0
Ani,0
Ani,0
Ani,0
Ani,0
Ani,0
Ani,0
Ani,0
Ani,0
Ani,0
Ani,0
Ani,0
Ani,0
Ani,0
Ani,0
Ani,0
Ani,0
Ani,0
Ani,0
Ani,0
Ani,0
Ani,0
Ani,0
Ani,0
Ani,0
Ani,0
Ani,0
Ani,0
Ani,0
Ani,0
Ani,0
Ani,0
Ani,0
Ani,0
Ani,0
Ani,0
Ani,0
Ani,0
Ani,0
Ani,0
Ani,0
Ani,0
Ani,0
Ani,0
Ani,0
Ani,0
Ani,0
Ani,0
Ani,0
Ani,0
Ani,0
Ani,0
Ani,0
Ani,0
Ani,0
Ani,0
Ani,0
Ani,0
Ani,0
Ani,0
Ani,0
Ani,0
Ani,0
Ani,0
Ani,0
Ani,0
Ani,0
Ani,0
Ani,0
Ani,0
Ani,0
Ani,0
Ani,0
Ani,0
Ani,0
Ani,0
Ani,0
Ani,0
Ani,0
Ani,0
Ani,0
Ani,0
Ani,0
Ani,0
Ani,0
Ani,0
Ani,0
Ani,0
Ani,0
Ani,0
Ani,0
Ani,0
Ani,0
Ani,0
Ani,0
Ani,0
Ani,0
Ani,0
Ani,0
Ani,0
Ani,0
Ani,0
Ani,0
Ani,0
Ani,0
Ani,0
Ani,0
Ani,0
Ani,0
Ani,0
Ani,0
Ani,0
Ani,0
Ani,0
Ani,0
Ani,0
Ani,0
Ani,0
Ani,0
Ani,0
Ani,0
Ani,0
Ani,0
Ani,0
Ani,0
Ani,0
Ani,0
Ani,0
Ani,0
Ani,0
Ani,0
Ani,0
Ani,0
Ani,0
Ani,0
Ani,0
Ani,0
Ani,0
Ani,0
Ani,0
Ani,0
Ani,0
Ani,0
Ani,0
Ani,0
Ani,0
Ani,0
Ani,0
Ani,0
Ani,0
Ani,0
Ani,0
Ani,0
Ani,0
Ani,0
Ani,0
Ani,0
Ani,0
Ani,0
Ani,0
Ani,0
Ani,0
Ani,0
Ani,0
Ani,0
Ani,0
Ani,0
Ani,0
Ani,0
Ani,0
Ani,0
Ani,0
Ani,0
Ani,0
Ani,0
Ani,0
Ani,0
Ani,0
Ani,0
Ani,0
Ani,0
Ani,0
Ani,0
Ani,0
Ani,0
Ani,0
Ani,0
Ani,0
Ani,0
Ani,0
Ani,0
Ani,0
Ani,0
Ani,0
Ani,0
Ani,0
Ani,0
Ani,0
Ani,0
Ani,0
Ani,0
Ani,0
Ani,0
Ani,0
Ani,0
Ani,0
Ani,0
Ani,0
Ani,0
Ani,0
Ani,0
Ani,0
Ani,0
Ani,0
Ani,0
Ani,0
Ani,0
Ani,0
Ani,0
Ani,0
Ani,0
Ani,0
Ani,0
Ani,0
Ani,0
Ani,0
Ani,0
Ani,0
Ani,0
Ani,0
Ani,0
Ani,0
Ani,0
Ani,0
Ani,0
Ani,0
Ani,0
Ani,0
Ani,0
Ani,0
Ani,0
Ani,0
Ani,0
Ani,0
Ani,0
Ani,0
Ani,0
Ani,0
Ani,0
Ani,0
Ani,0
Ani,0
Ani,0
Ani,0
Ani,0
Ani,0
Ani,0
Ani,0
Ani,0
Ani,0
Ani,0
Ani,0
Ani,0
Ani,0
Ani,0
Ani,0
Ani,0
Ani,0
Ani,0
Ani,0
Ani,0
Ani,0
Ani,0
Ani,0
Ani,0
Ani,0
Ani,0
Ani,0
Ani,0
Ani,0
Ani,0
Ani,0
Ani,0
Ani,0
Ani,0
Ani,0
Ani,0
Ani,0
Ani,0
Ani,0
Ani,0
Ani,0
Ani,0
Ani,0
Ani,0
Ani,0
Ani,0
Ani,0
Ani,0
Ani,0
Ani,0
Ani,0
Ani,0
Ani,0
Ani,0
Ani,0
Ani,0
Ani,0
Ani,0
Ani,0
Ani,0
Ani,0
Ani,0
Ani,0
Ani,0
Ani,0
Ani,0
Ani,0
Ani,0
Ani,0
Ani,0
Ani,0
Ani,0
Ani,0
Ani,0
Ani,0
Ani,0
Ani,0
Ani,0
Ani,0
Ani,0
Ani,0
Ani,0
Ani,0
Ani,0
Ani,0
Ani,0
Ani,0
Ani,0
Ani,0
Ani,0
Ani,0
Ani,0
Ani,0
Ani,0
Ani,0
Ani,0
Ani,0
Ani,0
Ani,0
Ani,0
Ani,0
Ani,0
Ani,0
Ani,0
Ani,0
Ani,0
Ani,0
Ani,0
Ani,0
Ani,0
Ani,0
Ani,0
Ani,0
Ani,0
Ani,0
Ani,0
Ani,0
Ani,0
Ani,0
Ani,0
Ani,0
Ani,0
Ani,0
Ani,0
Ani,0
Ani,0
Ani,0
Ani,0
Ani,0
Ani,0
Ani,0
Ani,0
Ani,0
Ani,0
Ani,0
Ani,0
Ani,0
Ani,0
Ani,0
Ani,0
Ani,0
Ani,0
Ani,0
Ani,0
Ani,0
Ani,0
Ani,0
Ani,0
Ani,0
Ani,0
Ani,0
Ani,0
Ani,0
Ani,0
Ani,0
Ani,0
Ani,0
Ani,0
Ani,0
Ani,0
Ani,0
Ani,0
Ani,0
Ani,0
Ani,0
Ani,0
Ani,0
Ani,0
Ani,0
Ani,0
Ani,0
Ani,0
Ani,0
Ani,0
Ani,0
Ani,0
Ani,0
Ani,0
Ani,0
Ani,0
Ani,0
Ani,0
Ani,0
Ani,0
Ani,0
Ani,0
Ani,0
Ani,0
Ani,0
Ani,0
Ani,0
Ani,0
Ani,0
Ani,0
Ani,0
Ani,0
Ani,0
Ani,0
Ani,0
Ani,0
Ani,0
Ani,0
Ani,0
Ani,0
Ani,0
Ani,0
Ani,0
Ani,0
Ani,0
Ani,0
Ani,0
Ani,0
Ani,0
Ani,0
Ani,0
Ani,0
Ani,0
Ani,0
Ani,0
Ani,0
Ani,0
Ani,0
Ani,0
Ani,0
Ani,0
Ani,0
Ani,0
Ani,0
Ani,0
Ani,0
Ani,0
Ani,0
Ani,0
Ani,0
Ani,0
Ani,0
Ani,0
Ani,0
Ani,0
Ani,0
Ani,0
Ani,0
Ani,0
Ani,0
Ani,0
Ani,0
Ani,0
Ani,0
Ani,0
Ani,0
Ani,0
Ani,0
Ani,0
Ani,0
Ani,0
Ani,0
Ani,0
Ani,0
Ani,0
Ani,0
Ani,0
Ani,0
Ani,0
Ani,0
Ani,0
Ani,0
Ani,0
Ani,0
Ani,0
Ani,0
Ani,0
Ani,0
Ani,0
Ani,0
Ani,0
Ani,0
Ani,0
Ani,0
Ani,0
Ani,0
Ani,0
Ani,0
Ani,0
Ani,0
Ani,0
Ani,0
Ani,0
Ani,0
Ani,0
Ani,0
Ani,0
Ani,0
Ani,0
Ani,0
Ani,0
Ani,0
Ani,0
Ani,0
Ani,0
Ani,0
Ani,0
Ani,0
Ani,0
Ani,0
Ani,0
Ani,0
Ani,0
Ani,0
Ani,0
Ani,0
Ani,0
Ani,0
Ani,0
Ani,0
Ani,0
Ani,0
Ani,0
Ani,0
Ani,0
Ani,0
Ani,0
Ani,0
Ani,0
Ani,0
Ani,0
Ani,0
Ani,0
Ani,0
Ani,0
Ani,0
Ani,0
Ani,0
Ani,0
Ani,0
Ani,0
Ani,0
Ani,0
Ani,0
Ani,0
Ani,0
Ani,0
Ani,0
Ani,0
Ani,0
Ani,0
Ani,0
Ani,0
Ani,0
Ani,0
Ani,0
Ani,0
Ani,0
Ani,0
Ani,0
Ani,0
Ani,0
Ani,0
Ani,0
Ani,0
Ani,0
Ani,0
Ani,0
Ani,0
Ani,0
Ani,0
Ani,0
Ani,0
Ani,0
Ani,0
Ani,0
Ani,0
Ani,0
Ani,0
Ani,0
Ani,0
Ani,0
Ani,0
Ani,0
Ani,0
Ani,0
Ani,0
Ani,0
Ani,0
Ani,0
Ani,0
Ani,0
Ani,0
Ani,0
Ani,0
Ani,0
Ani,0
Ani,0
Ani,0
Ani,0
Ani,0
Ani,0
Ani,0
Ani,0
Ani,0
Ani,0
Ani,0
Ani,0
Ani,0
Ani,0
Ani,0
Ani,0
Ani,0
Ani,0
Ani,0
Ani,0
Ani,0
Ani,0
Ani,0
Ani,0
Ani,0
Ani,0
Ani,0
Ani,0
Ani,0
Ani,0
Ani,0
Ani,0
Ani,0
Ani,0
Ani,0
Ani,0
Ani,0
Ani,0
Ani,0
Ani,0
Ani,0
Ani,0
Ani,0
Ani,0
Ani,0
Ani,0
Ani,0
Ani,0
Ani,0
Ani,0
Ani,0
Ani,0
Ani,0
Ani,0
Ani,0
Ani,0
Ani,0
Ani,0
Ani,0
Ani,0
Ani,0
Ani,0
Ani,0
Ani,0
Ani,0
Ani,0
Ani,0
Ani,0
Ani,0
Ani,0
Ani,0
Ani,0
Ani,0
Ani,0
Ani,0
Ani,0
Ani,0
Ani,0
Ani,0
Ani,0
Ani,0
Ani,0
Ani,0
Ani,0
Ani,0
Ani,0
Ani,0
A,0
A,0
A,0
A,0
A,0
A,0
A,0
A,0
A,0
A,0
A,0
A,0
A,0
A,0
A,0
A,0
A,0
A,0
A,0
A,0
A,0
A,0
A,0
A,0
A,0
A,0
A,0
A,0
A,0
A,0
A,0
A,0
A,0
A,0
A,0
A,0
A,0
A,0
A,0
A,0
A,0
A,0
A,0
A,0
A,0
A,0
A,0
A,0
A,0
A,0
A,0
A,0
A,0
A,0
A,0
A,0
A,0
A,0
A,0
A,0
A,0
A,0
A,0
A,0
A,0
A,0
A,0
A,0
A,0
A,0
A,0
A,0
A,0
A,0
A,0
A,0
A,0
A,0
A,0
A,0
A,0
A,0
A,0
A,0
A,0
A,0
A,0
A,0
A,0
A,0
A,0
A,0
A,0
A,0
A,0
A,0
A,0
A,0
A,0
A,0
A,0
A,0
A,0
A,0
A,0
A,0
A,0
A,0
A,0
A,0
A,0
A,0
A,0
A,0
A,0
A,0
A,0
A,0
A,0
A,0
A,0
A,0
A,0
A,0
A,0
A,0
A,0
A,0
A,0
A,0
A,0
A,0
A,0
A,0
A,0
A,0
A,0
A,0
A,0
A,0
A,0
A,0
A,0
A,0
A,0
A,0
A,0
A,0
A,0
A,0
A,0
A,0
A,0
A,0
A,0
A,0
A,0
A,0
A,0
A,0
A,0
A,0
A,0
A,0
A,0
A,0
A,0
A,0
A,0
A,0
A,0
A,0
A,0
A,0
A,0
A,0
A,0
A,0
A,0
A,0
A,0
A,0
A,0
A,0
A,0
A,0
A,0
A,0
A,0
A,0
A,0
A,0
A,0
A,0
A,0
A,0
A,0
A,0
A,0
A,0
A,0
A,0
A,0
A,0
A,0
A,0
A,0
A,0
A,0
A,0
A,0
A,0
A,0
A,0
A,0
A,0
A,0
A,0
A,0
A,0
A,0
A,0
A,0
A,0
A,0
A,0
A,0
A,0
A,0
A,0
A,0
A,0
A,0
A,0
A,0
A,0
A,0
A,0
A,0
A,0
A,0
A,0
A,0
A,0
A,0
A,0
A,0
A,0
A,0
A,0
A,0
A,0
A,0
A,0
A,0
A,0
A,0
A,0
A,0
A,0
A,0
A,0
A,0
A,0
A,0
A,0
A,0
A,0
A,0
A,0
A,0
A,0
A,0
A,0
A,0
A,0
A,0
A,0
A,0
A,0
A,0
A,0
A,0
A,0
A,0
A,0
A,0
A,0
A,0
A,0
A,0
A,0
A,0
A,0
A,0
A,0
A,0
A,0
A,0
A,0
A,0
A,0
A,0
A,0
A,0
A,0
A,0
A,0
A,0
A,0
A,0
A,0
A,0
A,0
A,0
A,0
A,0
A,0
A,0
A,0
A,0
A,0
A,0
A,0
A,0
A,0
A,0
A,0
A,0
A,0
A,0
A,0
A,0
A,0
A,0
A,0
A,0
A,0
A,0
A,0
A,0
A,0
A,0
A,0
A,0
A,0
A,0
A,0
A,0
A,0
A,0
A,0
A,0
A,0
A,0
A,0
A,0
A,0
A,0
A,0
A,0
A,0
A,0
A,0
A,0
A,0
A,0
A,0
A,0
A,0
A,0
A,0
A,0
A,0
A,0
A,0
A,0
A,0
A,0
A,0
A,0
A,0
A,0
A,0
A,0
A,0
A,0
A,0
A,0
A,0
A,0
A,0
A,0
A,0
A,0
A,0
A,0
A,0
A,0
A,0
A,0
A,0
A,0
A,0
A,0
A,0
A,0
A,0
A,0
A,0
A,0
A,0
A,0
A,0
A,0
A,0
A,0
A,0
A,0
A,0
A,0
A,0
A,0
A,0
A,0
A,0
A,0
A,0
A,0
A,0
A,0
A,0
A,0
A,0
A,0
A,0
A,0
A,0
A,0
A,0
A,0
A,0
A,0
A,0
A,0
A,0
A,0
A,0
A,0
A,0
A,0
A,0
A,0
A,0
A,0
A,0
A,0
A,0
A,0
A,0
A,0
A,0
A,0
A,0
A,0
A,0
A,0
A,0
A,0
A,0
A,0
A,0
A,0
A,0
A,0
A,0
A,0
A,0
A,0
A,0
A,0
A,0
A,0
A,0
A,0
A,0
A,0
A,0
A,0
A,0
A,0
A,0
A,0
A,0
A,0
A,0
A,0
A,0
A,0
A,0
A,0
A,0
A,0
A,0
A,0
A,0
A,0
A,0
A,0
A,0
A,0
A,0
A,0
A,0
A,0
A,0
A,0
A,0
A,0
A,0
A,0
A,0
A,0
A,0
A,0
A,0
A,0
A,0
A,0
A,0
A,0
A,0
A,0
A,0
A,0
A,0
A,0
A,0
A,0
A,0
A,0
A,0
A,0
A,0
A,0
A,0
A,0
A,0
A,0
A,0
A,0
A,0
A,0
A,0
A,0
A,0
A,0
A,0
A,0
A,0
A,0
A,0
A,0
A,0
A,0
A,0
A,0
A,0
A,0
A,0
A,0
A,0
A,0
A,0
A,0
A,0
A,0
A,0
A,0
A,0
A,0
A,0
A,0
A,0
A,0
A,0
A,0
A,0
A,0
A,0
A,0
A,0
A,0
A,0
A,0
A,0
A,0
A,0
A,0
A,0
A,0
A,0
A,0
A,0
A,0
A,0
A,0
A,0
A,0
A,0
A,0
A,0
A,0
A,0
A,0
A,0
A,0
A,0
A,0
A,0
A,0
A,0
A,0
A,0
A,0
A,0
A,0
A,0
A,0
A,0
A,0
A,0
A,0
A,0
A,0
A,0
A,0
A,0
A,0
A,0
A,0
A,0
A,0
A,0
A,0
A,0
A,0
A,0
A,0
A,0
A,0
A,0
A,0
A,0
A,0
A,0
A,0
A,0
A,0
A,0
A,0
A,0
A,0
A,0
A,0
A,0
A,0
A,0
A,0
A,0
A,0
A,0
A,0
A,0
A,0
A,0
A,0
A,0
A,0
A,0
A,0
A,0
A,0
A,0
A,0
A,0
A,0
A,0
A,0
A,0
A,0
A,0
A,0
A,0
A,0
A,0
A,0
A,0
A,0
A,0
A,0
A,0
A,0
A,0
A,0
A,0
A,0
A,0
A,0
A,0
A,0
A,0
A,0
A,0
A,0
A,0
A,0
A,0
A,0
A,0
A,0
A,0
A,0
A,0
A,0
A,0
A,0
A,0
A,0
A,0
A,0
A,0
A,0
A,0
A,0
A,0
A,0
A,0
A,0
A,0
A,0
A,0
A,0
A,0
A,0
A,0
A,0
A,0
A,0
A,0
A,0
A,0
A,0
A,0
A,0
A,0
A,0
A,0
A,0
A,0
A,0
A,0
A,0
A,0
A,0
A,0
A,0
A,0
A,0
A,0
A,0
A,0
A,0
A,0
A,0
A,0
A,0
A,0
A,0
A,0
A,0
A,0
A,0
A,0
A,0
A,0
A,0
A,0
A,0
A,0
A,0
A,0
A,0
A,0
A,0
A,0
A,0
A,0
A,0
A,0
A,0
A,0
A,0
A,0
A,0
A,0
A,0
A,0
A,0
A,0
A,0
A,0
A,0
A,0
A,0
A,0
A,0
A,0
A,0
A,0
A,0
A,0
A,0
A,0
A,0
A,0
A,0
A,0
A,0
A,0
A,0
A,0
A,0
A,0
A,0
A,0
A,0
A,0
A,0
A,0
A,0
A,0
A,0
A,0
A,0
A,0
A,0
A,0
A,0
A,0
A,0
A,0
A,0
A,0
A,0
A,0
A,0
A,0
A,0
A,0
A,0
A,0
A,0
A,0
A,0
A,0
A,0
A,0
A,0
A,0
A,0
A,0
A,0
A,0
A,0
A,0
A,0
A,0
A,0
A,0
A,0
A,0
A,0
A,0
A,0
A,0
A,0
A,0
A,0
A,0
A,0
A,0
A,0
A,0
A,0
A,0
A,0
A,0
A,0
A,0
A,0
A,0
A,0
A,0
A,0
A,0
A,0
A,0
A,0
A,0
A,0
A,0
A,0
A,0
A,0
A,0
A,0
A,0
A,0
A,0
A,0
A,0
A,0
A,0
A,0
A,0
A,0
A,0
A,0
A,0
A,0
A,0
A,0
A,0
A,0
A,0
A,0
A,0
A,0
A,0
A,0
A,0
A,0
A,0
A,0
A,0
A,0
A,0
A,0
A,0
A,0
A,0
A,0
A,0
A,0
A,0
A,0
A,0
A,0
A,0
A,0
A,0
A,0
A,0
A,0
A,0
A,0
A,0
A,0
A,0
A,0
A,0
A,0
A,0
A,0
A,0
A,0
A,0
A,0
A,0
A,0
A,0
A,0
A,0
A,0
A,0
A,0
A,0
A,0
A,0
A,0
A,0
A,0
A,0
A,0
A,0
A,0
A,0
A,0
A,0
A,0
A,0
A,0
A,0
A,0
A,0
A,0
A,0
A,0
A,0
A,0
A,0
A,0
A,0
A,0
A,0
A,0
A,0
A,0
A,0
A,0
A,0
A,0
A,0
A,0
A,0
A,0
A,0
A,0
A,0
A,0
A,0
A,0
A,0
A,0
A,0
A,0
A,0
A,0
A,0
A,0
A,0
A,0
A,0
A,0
A,0
A,0
A,0
A,0
A,0
A,0
A,0
A,0
A,0
A,0
A,0
A,0
A,0
A,0
A,0
A,0
A,0
A,0
A,0
A,0
A,0
A,0
A,0
A,0
A,0
A,0
A,0
A,0
A,0
A,0
A,0
A,0
A,0
A,0
A,0
A,0
A,0
A,0
A,0
A,0
A,0
A,0
A,0
A,0
A,0
A,0
A,0
A,0
A,0
A,0
A,0
A,0
A,0
A,0
A,0
A,0
A,0
A,0
A,0
A,0
A,0
A,0
A,0
A,0
A,0
A,0
A,0
A,0
A,0
A,0
A,0
A,0
A,0
A,0
A,0
A,0
A,0
A,0
A,0
A,0
A,0
A,0
A,0
A,0
A,0
A,0
A,0
A,0
A,0
A,0
A,0
A,0
A,0
A,0
A,0
A,0
A,0
A,0
A,0
A,0
A,0
A,0
A,0
A,0
A,0
A,0
A,0
A,0
A,0
A,0
A,0
A,0
A,0
A,0
A,0
A,0
A,0
A,0
A,0
A,0
A,0
A,0
A,0
A,0
A,0
A,0
A,0
A,0
A,0
A,0
A,0
A,0
A,0
A,0
A,0
A,0
A,0
A,0
A,0
A,0
A,0
A,0
A,0
A,0
A,0
A,0
A,0
A,0
A,0
A,0
A,0
A,0
A,0
A,0
A,0
A,0
A,0
A,0
A,0
A,0
A,0
A,0
A,0
A,0
A,0
A,0
A,0
A,0
A,0
A,0
A,0
A,0
A,0
A,0
A,0
A,0
A,0
A,0
A,0
A,0
A,0
A,0
A,0
A,0
A,0
A,0
A,0
A,0
A,0
A,0
A,0
A,0
A,0
A,0
A,0
A,0
A,0
A,0
A,0
A,0
A,0
A,0
A,0
A,0
A,0
A,0
A,0
A,0
A,0
A,0
A,0
A,0
A,0
A,0
A,0
A,0
A,0
A,0
A,0
A,0
A,0
A,0
A,0
A,0
A,0
A,0
A,0
A,0
A,0
A,0
A,0
A,0
A,0
A,0
A,0
A,0
A,0
A,0
A,0
A,0
A,0
A,0
A,0
A,0
A,0
A,0
A,0
A,0
A,0
A,0
A,0
A,0
A,0
A,0
A,0
A,0
A,0
A,0
A,0
A,0
A,0
A,0
A,0
A,0
A,0
A,0
A,0
A,0
A,0
A,0
A,0
A,0
A,0
A,0
A,0
A,0
A,0
A,0
A,0
A,0
A,0
A,0
A,0
A,0
A,0
A,0
A,0
A,0
A,0
A,0
A,0
A,0
A,0
A,0
A,0
A,0
A,0
A,0
A,0
A,0
A,0
A,0
A,0
A,0
A,0
A,0
A,0
A,0
A,0
A,0
A,0
A,0
A,0
A,0
A,0
A,0
A,0
A,0
A,0
A,0
A,0
A,0
A,0
A,0
A,0
A,0
A,0
A,0
A,0
A,0
A,0
A,0
A,0
A,0
A,0
A,0
A,0
A,0
A,0
A,0
A,0
A,0
A,0
A,0
A,0
A,0
A,0
A,0
A,0
A,0
A,0
A,0
A,0
A,0
A,0
A,0
A,0
A,0
A,0
A,0
A,0
A,0
A,0
A,0
A,0
A,0
A,0
A,0
A,0
A,0
A,0
A,0
A,0
A,0
A,0
A,0
A,0
A,0
A,0
A,0
A,0
A,0
A,0
A,0
A,0
A,0
A,0
A,0
A,0
A,0
A,0
A,0
A,0
A,0
A,0
A,0
A,0
A,0
A,0
A,0
A,0
A,0
A,0
A,0
A,0
A,0
A,0
A,0
A,0
A,0
A,0
A,0
A,0
A,0
A,0
A,0
A,0
A,0
A,0
A,0
A,0
A,0
A,0
A,0
A,0
A,0
A,0
A,0
A,0
A,0
A,0
A,0
A,0
A,0
A,0
A,0
A,0
A,0
A,0
A,0
A,0
A,0
A,0
A,0
A,0
A,0
A,0
A,0
A,0
A,0
A,0
A,0
A,0
A,0
Ani,0
Ani,0
Ani,0
Ani,0
Ani,0
Ani,0
Ani,0
Ani,0
Ani,0
Ani,0
Ani,0
Ani,0
Ani,0
Ani,0
Ani,0
Ani,0
Ani,0
Ani,0
Ani,0
Ani,0
Ani,0
Ani,0
Ani,0
Ani,0
Ani,0
Ani,0
Ani,0
Ani,0
Ani,0
Ani,0
Ani,0
Ani,0
Ani,0
Ani,0
Ani,0
Ani,0
Ani,0
Ani,0
Ani,0
Ani,0
Ani,0
Ani,0
Ani,0
Ani,0
Ani,0
Ani,0
Ani,0
Ani,0
Ani,0
Ani,0
Ani,0
Ani,0
Ani,0
Ani,0
Ani,0
Ani,0
Ani,0
Ani,0
Ani,0
Ani,0
Ani,0
Ani,0
Ani,0
Ani,0
Ani,0
Ani,0
Ani,0
Ani,0
Ani,0
Ani,0
Ani,0
Ani,0
Ani,0
Ani,0
Ani,0
Ani,0
Ani,0
Ani,0
Ani,0
Ani,0
Ani,0
Ani,0
Ani,0
Ani,0
Ani,0
Ani,0
Ani,0
Ani,0
Ani,0
Ani,0
Ani,0
Ani,0
Ani,0
Ani,0
Ani,0
Ani,0
Ani,0
Ani,0
Ani,0
Ani,0
Ani,0
Ani,0
Ani,0
Ani,0
Ani,0
Ani,0
Ani,0
Ani,0
Ani,0
Ani,0
Ani,0
Ani,0
Ani,0
Ani,0
Ani,0
Ani,0
Ani,0
Ani,0
Ani,0
Ani,0
Ani,0
Ani,0
Ani,0
Ani,0
Ani,0
Ani,0
Ani,0
Ani,0
Ani,0
Ani,0
Ani,0
Ani,0
Ani,0
Ani,0
Ani,0
Ani,0
Ani,0
Ani,0
Ani,0
Ani,0
Ani,0
Ani,0
Ani,0
Ani,0
Ani,0
Ani,0
Ani,0
Ani,0
Ani,0
Ani,0
Ani,0
Ani,0
Ani,0
Ani,0
Ani,0
Ani,0
Ani,0
Ani,0
Ani,0
Ani,0
Ani,0
Ani,0
Ani,0
Ani,0
Ani,0
Ani,0
Ani,0
Ani,0
Ani,0
Ani,0
Ani,0
Ani,0
Ani,0
Ani,0
Ani,0
Ani,0
Ani,0
Ani,0
Ani,0
Ani,0
Ani,0
Ani,0
Ani,0
Ani,0
Ani,0
Ani,0
Ani,0
Ani,0
Ani,0
Ani,0
Ani,0
Ani,0
Ani,0
Ani,0
Ani,0
Ani,0
Ani,0
Ani,0
Ani,0
Ani,0
Ani,0
Ani,0
Ani,0
Ani,0
Ani,0
Ani,0
Ani,0
Ani,0
Ani,0
Ani,0
Ani,0
Ani,0
Ani,0
Ani,0
Ani,0
Ani,0
Ani,0
Ani,0
Ani,0
Ani,0
Ani,0
Ani,0
Ani,0
Ani,0
Ani,0
Ani,0
Ani,0
Ani,0
Ani,0
Ani,0
Ani,0
Ani,0
Ani,0
Ani,0
Ani,0
Ani,0
Ani,0
Ani,0
Ani,0
Ani,0
Ani,0
Ani,0
Ani,0
Ani,0
Ani,0
Ani,0
Ani,0
Ani,0
Ani,0
Ani,0
Ani,0
Ani,0
Ani,0
Ani,0
Ani,0
Ani,0
Ani,0
Ani,0
Ani,0
Ani,0
Ani,0
Ani,0
Ani,0
Ani,0
Ani,0
Ani,0
Ani,0
Ani,0
Ani,0
Ani,0
Ani,0
Ani,0
Ani,0
Ani,0
Ani,0
Ani,0
Ani,0
Ani,0
Ani,0
Ani,0
Ani,0
Ani,0
Ani,0
Ani,0
Ani,0
Ani,0
Ani,0
Ani,0
Ani,0
Ani,0
Ani,0
Ani,0
Ani,0
Ani,0
Ani,0
Ani,0
Ani,0
Ani,0
Ani,0
Ani,0
Ani,0
Ani,0
Ani,0
Ani,0
Ani,0
Ani,0
Ani,0
Ani,0
Ani,0
Ani,0
Ani,0
Ani,0
Ani,0
Ani,0
Ani,0
Ani,0
Ani,0
Ani,0
Ani,0
Ani,0
Ani,0
Ani,0
Ani,0
Ani,0
Ani,0
Ani,0
Ani,0
Ani,0
Ani,0
Ani,0
Ani,0
Ani,0
Ani,0
Ani,0
Ani,0
Ani,0
Ani,0
Ani,0
Ani,0
Ani,0
Ani,0
Ani,0
Ani,0
Ani,0
Ani,0
Ani,0
Ani,0
Ani,0
Ani,0
Ani,0
Ani,0
Ani,0
Ani,0
Ani,0
Ani,0
Ani,0
Ani,0
Ani,0
Ani,0
Ani,0
Ani,0
Ani,0
Ani,0
Ani,0
Ani,0
Ani,0
Ani,0
Ani,0
Ani,0
Ani,0
Ani,0
Ani,0
Ani,0
Ani,0
Ani,0
Ani,0
Ani,0
Ani,0
Ani,0
Ani,0
Ani,0
Ani,0
Ani,0
Ani,0
Ani,0
Ani,0
Ani,0
Ani,0
Ani,0
Ani,0
Ani,0
Ani,0
Ani,0
Ani,0
Ani,0
Ani,0
Ani,0
Ani,0
Ani,0
Ani,0
Ani,0
Ani,0
Ani,0
Ani,0
Ani,0
Ani,0
Ani,0
Ani,0
Ani,0
Ani,0
Ani,0
Ani,0
Ani,0
Ani,0
Ani,0
Ani,0
Ani,0
Ani,0
Ani,0
Ani,0
Ani,0
Ani,0
Ani,0
Ani,0
Ani,0
Ani,0
Ani,0
Ani,0
Ani,0
Ani,0
Ani,0
Ani,0
Ani,0
Ani,0
Ani,0
Ani,0
Ani,0
Ani,0
Ani,0
Ani,0
Ani,0
Ani,0
Ani,0
Ani,0
Ani,0
Ani,0
Ani,0
Ani,0
Ani,0
Ani,0
Ani,0
Ani,0
Ani,0
Ani,0
Ani,0
Ani,0
Ani,0
Ani,0
Ani,0
Ani,0
Ani,0
Ani,0
Ani,0
Ani,0
Ani,0
Ani,0
Ani,0
Ani,0
Ani,0
Ani,0
Ani,0
Ani,0
Ani,0
Ani,0
Ani,0
Ani,0
Ani,0
Ani,0
Ani,0
Ani,0
Ani,0
Ani,0
Ani,0
Ani,0
Ani,0
Ani,0
Ani,0
Ani,0
Ani,0
Ani,0
Ani,0
Ani,0
Ani,0
Ani,0
Ani,0
Ani,0
Ani,0
Ani,0
Ani,0
Ani,0
Ani,0
Ani,0
Ani,0
Ani,0
Ani,0
Ani,0
Ani,0
Ani,0
Ani,0
Ani,0
Ani,0
Ani,0
Ani,0
Ani,0
Ani,0
Ani,0
Ani,0
Ani,0
Ani,0
Ani,0
Ani,0
Ani,0
Ani,0
Ani,0
Ani,0
Ani,0
Ani,0
Ani,0
Ani,0
Ani,0
Ani,0
Ani,0
Ani,0
Ani,0
Ani,0
Ani,0
Ani,0
Ani,0
Ani,0
Ani,0
Ani,0
Ani,0
Ani,0
Ani,0
Ani,0
Ani,0
Ani,0
Ani,0
Ani,0
Ani,0
Ani,0
Ani,0
Ani,0
Ani,0
Ani,0
Ani,0
Ani,0
Ani,0
Ani,0
Ani,0
Ani,0
Ani,0
Ani,0
Ani,0
Ani,0
Ani,0
Ani,0
Ani,0
Ani,0
Ani,0
Ani,0
Ani,0
Ani,0
Ani,0
Ani,0
Ani,0
Ani,0
Ani,0
Ani,0
Ani,0
Ani,0
Ani,0
Ani,0
Ani,0
Ani,0
Ani,0
Ani,0
Ani,0
Ani,0
Ani,0
Ani,0
Ani,0
Ani,0
Ani,0
Ani,0
Ani,0
Ani,0
Ani,0
Ani,0
Ani,0
Ani,0
Ani,0
Ani,0
Ani,0
Ani,0
Ani,0
Ani,0
Ani,0
Ani,0
Ani,0
Ani,0
Ani,0
Ani,0
Ani,0
Ani,0
Ani,0
Ani,0
Ani,0
Ani,0
Ani,0
Ani,0
Ani,0
Ani,0
Ani,0
Ani,0
Ani,0
Ani,0
Ani,0
Ani,0
Ani,0
Ani,0
Ani,0
Ani,0
Ani,0
Ani,0
Ani,0
Ani,0
Ani,0
Ani,0
Ani,0
Ani,0
Ani,0
Ani,0
Ani,0
Ani,0
Ani,0
Ani,0
Ani,0
Ani,0
Ani,0
Ani,0
Ani,0
Ani,0
Ani,0
Ani,0
Ani,0
Ani,0
Ani,0
Ani,0
Ani,0
Ani,0
Ani,0
Ani,3
Ani,3
Ani,3
Ani,3
Ani,3
Ani,3
Ani,3
Ani,3
Ani,3
Ani,3
Ani,3
Ani,3
Ani,3
Ani,3
Ani,3
Ani,3
Ani,3
Ani,3
Ani,3
Ani,3
Ani,3
Ani,3
Ani,3
Ani,3
Ani,3
Ani,3
Ani,3
Ani,3
Ani,3
Ani,3
Ani,3
Ani,3
Ani,3
Ani,3
Ani,3
Ani,3
Ani,3
Ani,3
Ani,3
Ani,3
Ani,3
Ani,3
Ani,3
Ani,3
Ani,3
Ani,3
Ani,3
Ani,3
Ani,3
Ani,3
Ani,3
Ani,3
Ani,3
Ani,3
Ani,3
Ani,3
Ani,3
Ani,3
Ani,3
Ani,3
Ani,3
Ani,3
Ani,3
Ani,3
Ani,3
Ani,3
Ani,3
Ani,3
Ani,3
Ani,3
Ani,3
Ani,3
Ani,3
Ani,3
Ani,3
Ani,3
Ani,3
